symbol,Total Asset,Total Liabilities,Paid-up Cap,Equity,Revenue,Expenses,EBITDA,EBIT,Net Profit,EPS,Operating Cash Flow,Investing Cash Flow,Financing Cash Flow,Net Cash Flow,Return on Equity,Return on Asset,Gross Profit Margin,Net Profit Margin,EBIT Margin,D/E,Int. Coverage,Current Ratio,Quick Ratio,Fixed Asset,Total Asset,Inventory Turnover,Average Sale Period,Accounts Receivable Turnover,Average Collection Period,Account Payable Turnover,Average Payment Period,Cash Cycle
24CS,"1,018,862.54","409,792.60","215,000.00","609,069.93","982,263.52","945,659.45","44,330.42","36,604.06","24,494.23",0.08,"-195,061.83","-7,469.19","364,337.09","161,806.07",6.57,5.12,11.09,2.49,3.73,0.67,7.22,2.46,1.16,46.24,1.37,18.5,19.73,5.49,66.47,3.86,94.6,-8.4
A5,"2,491,673.39","1,596,290.68","604,692.31","895,382.71","664,434.46","559,564.64","109,969.94","106,408.26","97,787.46",0.08,"-941,078.77",-9.92,"1,115,416.44","174,327.75",11.47,5.91,33.65,15.26,16.01,1.78,7.7,3.59,0.63,100.42,0.37,0.45,807.89,15.8,23.1,5.68,64.27,766.73
ABM,"1,276,244.68","702,685.51","200,000.00","591,341.46","2,715,690.80","2,648,817.29","90,465.13","66,842.71","35,886.38",0.11,"-104,256.72","-60,251.84","169,376.19","4,867.63",7.44,5.79,13.88,1.29,2.46,1.23,3.35,1.2,0.68,5.67,2.35,8.78,41.56,9.06,40.29,45.28,8.06,73.79
ACAP,"3,228,735.26","3,210,371.72","158,205.58","18,363.53","9,400.04","-1,195.28","515,345.94","492,048.70","-97,426.31",-0.31,"-44,542.63","202,169.87","-156,993.86",633.38,-146.93,14.51,"-50,829.20","-1,036.45","5,234.54",174.82,0.83,0.12,0,-,0,N/A,-,N/A,-,N/A,-,-
ADB,"1,626,388.23","982,657.01","362,999.96","643,731.22","2,166,512.61","2,155,787.02","60,896.32","7,701.11","-6,934.29",-0.01,"-116,346.48","-39,185.90","195,831.42","40,299.04",-1.04,0.5,9.31,-0.32,0.36,1.53,0.56,1.2,0.59,4.26,1.41,4.05,90.21,5.18,70.51,7.91,46.16,114.55
ADD,"606,121.87","73,566.10","80,000.00","528,938.19","334,084.89","280,977.40","57,176.38","53,813.66","45,716.14",0.29,"60,069.28","-137,578.98","-71,184.37","-148,694.07",8.48,8.57,27.9,13.47,16.11,0.14,235.47,7.09,6.99,40.69,0.53,N/A,-,3.45,105.91,3.42,106.78,-0.86
AF,"2,384,298.25","1,858,674.46","400,000.00","525,623.79","226,489.38","127,155.26","107,915.06","99,334.13","45,260.72",0.03,"-54,144.88","-1,036.56","24,344.69","-30,836.74",8.57,4.23,81.11,19.98,43.86,3.54,2.33,1.25,0.04,-,0.1,N/A,-,N/A,-,N/A,-,-
AIRA,"9,644,386.18","5,084,460.34","1,578,719.63","3,673,990.62","962,400.29","847,564.88","320,332.17","167,470.94","-14,793.81",-,"426,815.91","-38,849.45","-461,046.32","-73,079.86",-0.4,1.69,69.09,0.24,17.4,1.12,0.99,1.48,0.17,-,0.1,N/A,-,N/A,-,N/A,-,-
AKP,"727,530.88","124,203.72","202,000.00","603,327.16","384,193.29","354,038.97","72,699.29","39,512.47","29,286.21",0.07,"45,525.74","-118,468.68","-31,519.27","-104,462.21",4.9,5.44,21.78,7.62,10.28,0.21,8.44,4.71,3.09,2.77,0.53,N/A,-,3.85,94.93,5.55,65.82,29.1
ALL,"6,705,059.98","5,832,834.36","859,262.34","872,219.72","647,834.89","1,397,928.06","-957,240.78","-979,916.84","-1,494,794.31",-1.01,"-188,430.10","-24,995.06","192,761.66","-20,663.50",-103.79,-13.42,15.26,-230.74,-151.26,6.69,-2.29,0.84,0.03,3.12,0.09,0.14,"2,640.76",3.79,96.36,0.78,465.12,"2,272.00"
ALPHAX,"1,807,424.12","259,805.37","478,495.94","1,358,730.18","355,364.71","273,301.83","69,080.18","58,896.85","36,677.72",0.02,"-293,723.52","-6,638.35","575,877.48","275,515.61",3.89,4.29,53.01,10.4,16.57,0.17,20.98,8.85,2.32,11.31,0.26,0.44,822.48,708.86,0.51,2.29,159.22,663.78
AMA,"4,464,932.95","1,585,707.24","258,958.39","2,800,647.16","3,238,312.13","2,728,747.08","871,175.59","538,674.42","462,429.16",0.89,"812,932.00","-90,008.90","-427,609.05","295,314.05",17.94,12.55,21.89,14.38,16.63,0.55,11.02,1.05,0.92,0.9,0.75,29.89,12.21,13.6,26.83,15.51,23.53,15.51
AMARC,"699,346.26","151,451.18","210,000.00","547,895.08","264,260.58","240,144.11","57,620.51","24,116.47","14,516.00",0.04,"53,519.53","-201,588.98","192,376.62","44,307.18",3.82,4.2,39.91,5.49,9.13,0.28,3.91,4.38,1.35,0.75,0.46,16.06,22.73,5.6,65.17,5.98,61.08,26.81
APP,"772,437.72","426,737.78","140,000.00","345,926.23","888,337.94","829,514.91","84,174.86","58,823.03","46,473.74",0.17,"33,301.67","-172,606.07","-61,661.94","-200,966.33",13.21,7.82,40.55,5.23,6.62,1.23,87.85,1.81,0.81,7.95,1.18,9.3,39.23,9.35,39.05,4.22,86.57,-8.3
ARIN,"808,551.77","446,882.93","300,000.00","361,668.84","274,931.44","277,765.44","4,198.84","-2,834.00","-29,208.03",-0.05,"110,410.76",-387.5,"-108,906.02","1,117.24",-7.76,-0.32,16.77,-10.62,-1.03,1.24,-0.15,1.43,0.01,18.04,0.31,0.34,"1,088.47",73.74,4.95,3.2,113.99,979.43
ARIP,"269,338.01","43,831.23","116,500.00","225,506.78","226,544.96","212,206.13","22,752.50","14,338.83","12,103.13",0.03,"33,492.86","-32,873.13",-427.98,191.75,5.52,5.44,26.35,5.34,6.33,0.19,-19.79,5.23,3.03,4.87,0.86,"2,666.86",0.14,3.58,102.08,5.91,61.76,40.46
ARROW,"1,718,330.60","502,322.26","256,896.90","1,242,418.40","1,375,391.59","1,250,618.13","167,451.94","124,773.46","92,626.04",0.36,"61,611.34","-35,059.57","-17,692.95","8,858.81",7.39,7.53,17.2,6.73,9.07,0.41,13.36,2.7,0.98,2.71,0.83,1.61,226.02,4.03,90.66,11.55,31.62,285.06
ASN,"568,820.94","271,971.06","93,599.98","296,849.88","151,974.41","133,002.21","28,721.69","18,972.20","5,169.06",0.03,"-80,032.37","-9,720.02","-31,375.43","-121,127.82",1.72,3.25,32.42,3.4,12.48,0.92,1.54,4.57,2.1,6.92,0.26,N/A,-,2.06,177.18,N/A,-,177.18
ATP30,"1,180,676.69","673,841.54","170,577.51","506,835.15","632,454.04","578,314.31","145,519.39","54,139.73","29,174.92",0.04,"134,988.99","-8,905.48","-161,359.90","-35,276.39",5.81,4.74,17.38,4.61,8.56,1.33,3.06,0.49,0.42,0.63,0.55,356.14,1.02,7.81,46.72,11.51,31.71,16.04
AU,"1,250,886.78","323,807.97","81,562.36","926,793.64","954,473.49","799,450.82","308,373.82","155,022.66","118,478.23",0.15,"270,578.09","-186,142.61","-71,034.12","13,401.36",13.67,13.01,63.15,12.4,16.24,0.35,19.83,2.49,2.19,1.31,0.8,8.27,44.14,45.62,8,4.89,74.67,-22.52
AUCT,"1,806,484.29","1,252,402.90","137,500.00","554,081.40","953,186.56","611,753.11","474,496.77","341,433.45","251,248.55",0.46,"299,983.31","-48,148.98","-320,965.14","-69,130.81",45.96,18.8,50.16,26.36,35.82,2.26,13.93,1.66,1.65,0.87,0.52,N/A,-,8.66,42.17,1.43,254.48,-212.31
BBIK,"805,853.77","169,691.15","50,000.00","631,518.82","567,527.97","437,165.50","155,785.67","149,903.14","127,089.76",1.27,"48,646.40","161,339.43","-35,511.54","174,474.29",21.62,20.58,52.78,23.01,26.41,0.27,197.67,4.51,3.55,25.85,0.78,14.74,24.76,7.1,51.42,2.85,127.96,-51.77
BC,"3,864,057.29","3,399,689.95","569,123.18","746,257.99","258,485.21","402,690.62","179,207.64","112,984.78","-50,037.73",-0.09,"-64,664.15","745,279.91","-306,853.90","373,761.86",-7.02,2.87,61.05,-19.87,43.71,7.32,0.8,1.2,1.07,0.09,0.07,101.92,3.58,18.71,19.51,0.64,574.6,-551.51
BE8,"3,889,195.10","1,336,139.82","120,322.40","2,553,055.27","810,978.21","662,022.69","163,309.41","148,955.52","138,623.46",0.68,"36,933.60","-151,081.27","-64,377.29","-178,524.96",8.74,6.41,38.56,17.09,18.37,0.52,33.82,1.66,0.59,9.04,0.35,52.01,7.02,3.68,99.26,2.57,142.09,-35.81
BGT,"825,342.47","439,565.45","181,759.95","385,777.02","524,303.70","513,325.91","84,277.98","10,977.79","-11,573.13",-0.03,"96,718.74","-10,635.40","-89,399.97","-3,316.63",-2.96,1.19,57.37,-2.21,2.09,1.14,0.54,3.37,1.2,0.94,0.57,1.19,306.51,20.02,18.23,9.6,38.04,286.71
BIS,"1,085,140.00","316,591.00","157,000.00","760,997.00","2,219,680.00","2,137,647.00","97,751.00","82,033.00","55,915.00",0.2,"-32,740.00","-142,583.00","125,300.00","-50,023.00",10.89,8.19,14.44,2.69,3.7,0.41,13.09,2.79,1.79,17.98,2.21,7.43,49.14,5.46,66.87,6.47,56.4,59.62
BLESS,"2,149,104.82","992,942.43","400,000.00","1,156,162.39","662,913.79","609,145.90","57,458.36","53,767.89","42,395.75",0.06,"71,966.23","12,893.26","-95,691.96","-10,832.47",4.16,2.47,29.86,6.4,8.11,0.86,18.03,2.2,0.09,13.72,0.3,0.3,"1,202.07",76.53,4.77,3.79,96.29,"1,110.55"
BM,"1,424,880.63","556,926.33","259,229.38","867,604.48","1,305,219.94","1,223,201.34","125,520.49","71,723.40","55,054.81",0.12,"160,928.60","-122,812.56","-28,160.69","9,955.35",6.67,5.18,15.09,4.22,5.5,0.64,9.23,1.38,0.68,1.6,0.94,5.29,69.06,6.1,59.84,5.09,71.75,57.15
BOL,"1,208,167.06","326,238.88","82,050.55","881,928.18","699,168.38","381,137.17","344,583.53","315,871.09","270,693.41",0.33,"272,789.09","103,353.15","-230,243.46","145,898.78",33.01,28.03,67.05,38.72,45.18,0.37,184.55,2.46,1.69,13.22,0.62,N/A,-,6.26,58.28,1.42,256.44,-198.16
BROOK,"3,117,268.56","442,129.02","1,164,401.07","2,612,283.68","311,891.07","670,968.98","-476,966.35","-497,999.97","-521,286.14",-0.06,"36,284.26","9,058.63","-219,452.07","-174,109.17",-18,-14.19,55.88,-167.17,-159.67,0.17,-46.03,5.76,0.79,5.13,0.09,0.12,"3,100.28",0.75,485.76,154.09,2.37,"3,583.67"
BSM,"1,338,045.12","889,233.35","213,050.62","448,811.77","740,682.38","742,054.82","36,896.96",878.92,"-31,172.54",-0.02,"260,011.98","-17,618.05","-247,834.67","-5,440.74",-6.71,0.06,20.62,-4.21,0.12,1.98,0.03,1.22,0.16,2.78,0.51,0.97,374.78,9.87,36.98,4.39,83.14,328.63
BTW,"1,902,869.92","858,176.15","378,000.00","1,044,262.33","2,259,809.54","2,204,196.03","137,638.72","55,613.51","34,491.00",0.05,-70.97,"-20,774.47","66,648.40","45,802.97",3.37,3.13,6.96,1.53,2.46,0.82,3.26,1.58,0.54,3.83,1.27,9.29,39.28,8.18,44.64,9.78,37.33,46.59
CAZ,"2,091,359.75","1,270,040.88","146,999.88","810,258.20","3,137,811.22","2,867,273.77","345,683.59","270,537.45","201,379.53",0.68,"239,614.90","-48,291.25","-337,363.03","-146,039.39",27.5,13.31,11.65,6.53,8.62,1.55,18.04,1.03,0.47,5.73,1.54,63.1,5.78,8.08,45.2,7.41,49.23,1.76
CEYE,"635,468.59","115,044.22","135,000.00","520,424.38","365,709.70","297,822.22","84,379.72","67,887.48","52,021.57",0.21,"89,326.79","-196,129.19","130,442.23","23,639.83",12.55,12.69,30.07,14.22,18.56,0.22,22.62,5.07,4.99,1.31,0.68,488.25,0.75,3.38,108.08,8.55,42.71,66.12
CHEWA,"6,312,415.76","4,321,549.25","1,275,027.88","1,990,866.50","2,148,122.39","1,913,032.07","246,874.31","233,527.32","115,426.20",0.09,"349,915.72","-51,499.31","-705,271.05","-406,854.64",5.93,3.57,29.53,5.37,10.87,2.17,2.76,1.89,0.05,77.3,0.33,0.27,"1,353.44",48.59,7.51,4.08,89.44,"1,271.51"
CHIC,"1,703,415.96","869,493.35","680,000.00","833,922.61","770,495.07","716,236.29","151,271.42","54,258.79","16,581.75",0.01,"116,698.07","-38,171.23","-25,957.52","52,569.32",2.31,3.07,49.06,2.15,7.04,1.04,1.64,1.2,0.85,0.59,0.44,3.35,108.82,5.41,67.41,2.34,156.3,19.93
CHO,"3,052,252.00","2,182,391.00","671,153.00","869,860.00","527,533.00","953,887.00","-368,689.00","-434,166.00","-642,775.00",-0.28,"181,690.00","-224,511.00","47,240.00","4,419.00",-73.42,-13.84,-52.09,-121.85,-82.3,2.51,-1.97,0.64,0.13,0.72,0.17,1.05,347.13,2.53,144.28,2.21,164.89,326.52
CHOW,"4,702,974.16","2,766,896.27","800,000.00","1,694,296.19","2,753,972.18","1,478,569.79","1,479,377.33","1,336,037.44","1,020,854.76",1.28,"-431,593.59","1,878,899.26","-1,426,221.35","21,084.32",84.69,18.3,12.7,42.33,48.51,1.43,13.08,0.94,0.17,1.35,0.38,12.13,30.09,3.29,111.03,4,91.27,49.86
CIG,"778,526.45","667,701.21","432,394.34","112,319.41","1,033,144.73","1,113,660.49","-32,617.28","-80,956.65","-122,535.42",-0.14,"-45,979.90","-5,648.18","76,021.15","24,393.07",-70.59,-9.86,13.76,-12.06,-7.84,6.02,-2.32,0.63,0.38,3.25,1.26,6.9,52.88,5.44,67.14,3.64,100.18,19.84
CMO,"1,216,792.11","694,607.63","280,962.73","504,560.72","1,194,951.03","1,198,870.29","53,267.38","-3,919.26","-31,392.73",-0.12,"-67,851.23","-4,882.96","102,864.15","30,129.97",-7.1,-0.35,18.32,-2.23,-0.33,1.33,-0.19,0.87,0.52,1.91,1.07,24.19,15.09,6.32,57.71,6.19,58.93,13.86
COLOR,"1,414,473.17","583,086.78","588,964.62","830,703.87","1,256,220.35","1,183,996.46","146,038.99","72,223.88","59,525.93",0.1,"132,984.92","-123,887.19","1,314.09","10,411.82",7.3,5.17,19,4.7,5.75,0.7,8.75,1.29,0.56,1.68,0.9,3.05,119.48,4.92,74.19,5.23,69.8,123.87
COMAN,"390,143.39","43,772.56","67,000.00","340,844.25","86,704.75","90,203.83","-1,535.79","-26,108.54","-46,276.21",-0.35,"4,908.57","-177,590.58","-17,713.85","-190,395.86",-12.54,-5.94,13.47,-48.66,-30.11,0.13,-422.33,5.92,5.56,1.88,0.2,7.45,48.96,7.21,50.65,1.8,202.61,-103
CPANEL,"686,715.56","232,815.77","159,994.57","453,899.79","433,977.91","341,373.23","126,516.38","92,604.68","67,938.60",0.42,"150,698.87","-116,546.26","-52,188.17","-18,035.56",16.13,14.3,39,15.65,21.34,0.51,12.26,1.18,0.99,0.99,0.67,11.46,31.86,10.64,34.31,7.31,49.9,16.27
CPR,"708,979.98","77,576.63","199,000.00","625,651.16","448,061.16","387,492.09","88,067.16","64,250.67","52,108.86",0.26,"59,087.74","-12,442.58","-22,274.60","24,370.56",8.55,9.2,19.24,11.66,14.34,0.12,335.5,8.16,6.08,3.95,0.64,3.44,106,5.78,63.17,9.6,38.01,131.16
CRD,"1,188,008.54","831,970.11","250,000.00","342,360.56","1,254,857.36","1,253,124.56","47,716.78","2,103.61","-15,349.79",-0.03,"-6,015.74","-6,119.14","-2,471.80","-14,606.68",-4.4,0.19,3.79,-1.13,0.17,2.34,0.12,0.99,0.65,3.89,1.12,43.2,8.45,3.24,112.65,5.21,70.02,51.08
D,"1,132,486.63","595,230.19","150,968.92","537,247.77","829,339.39","745,470.64","121,107.31","83,868.76","57,500.30",0.19,"103,593.48","-12,890.23","-69,547.81","21,155.44",11.63,7.49,32.75,6.93,10.11,1.11,5.5,1.5,0.79,1.31,0.74,3.59,101.65,6.84,53.4,5.58,65.41,89.63
DHOUSE,"737,652.33","311,380.13","420,000.00","426,272.20","33,320.35","45,488.22","-9,640.56","-12,167.87","-23,812.71",-0.03,"-4,756.04","-26,642.61","12,480.01","-18,918.65",-5.43,-1.65,31.65,-71.47,-36.52,0.73,-1.47,0.95,0.11,0.39,0.05,0.16,"2,306.21",N/A,-,8.84,41.27,"2,264.94"
DIMET,"525,072.02","79,006.28","1,219,061.78","446,065.74","212,420.55","328,570.81","-133,987.26","-139,053.52","-141,961.69",-0.06,"-124,445.77","-129,553.95","93,546.07","-160,453.66",-39.13,-30.28,28.51,-66.83,-65.46,0.18,-47.96,1.97,1.55,2.34,0.46,4.01,90.95,2.35,155.34,2.63,138.68,107.61
DITTO,"1,658,311.45","390,395.96","264,027.97","1,267,913.53","1,239,900.65","947,406.10","344,993.11","296,005.82","234,748.31",0.47,"357,829.94","-425,858.11","-101,605.85","-169,634.02",20.41,19.73,33.25,18.93,23.87,0.31,115.21,3.95,2.8,6.03,0.83,18.91,19.3,5.1,71.52,5.97,61.12,29.71
DOD,"1,290,917.60","397,285.84","205,000.25","887,152.23","548,440.16","965,570.87","-352,628.60","-417,130.71","-398,334.04",-0.97,"-130,707.79","-62,119.37","61,419.04","-131,408.12",-36.75,-28.59,26.16,-73.87,-76.06,0.44,-58.79,0.65,0.29,0.57,0.38,3.75,97.31,2.72,134.21,3.44,106.2,125.32
DPAINT,"1,085,846.23","432,020.31","230,000.00","655,288.25","909,235.42","832,410.29","93,579.38","76,825.13","55,612.94",0.24,"-89,281.71","-25,308.39","-37,237.96","-151,828.05",8.86,7.4,38.43,6.03,8.45,0.66,20.16,1.86,1.43,4.33,0.88,5.2,70.19,2.47,148.02,1.88,194.31,23.9
DV8,"517,785.77","74,000.12","1,430,416.19","427,816.85","262,297.41","275,695.61","2,266.24","-10,916.41","-14,315.14",-0.01,"4,030.27","52,584.61","-2,306.71","54,308.16",-3.29,-2.07,17.13,-5.1,-4.16,0.17,-10,6.02,4.67,13.07,0.5,23.78,15.35,2.34,156.21,5.44,67.11,104.46
ECF,"3,988,103.05","2,621,488.82","239,871.90","1,343,504.87","1,463,397.64","1,294,009.71","244,779.05","196,779.59","37,458.93",0.04,"77,731.94","-150,851.92","65,020.76","-8,099.22",2.83,5.08,24.21,2.54,13.45,1.92,1.24,1.14,0.33,2.18,0.38,0.83,439.8,2.66,137.41,5.8,62.97,514.23
EFORL,"1,544,110.00","1,037,695.00","2,998,399.00","506,415.00","1,510,552.00","1,425,320.00","131,938.00","85,232.00","53,037.00",0.01,"223,603.00","-58,681.00","-155,007.00","9,915.00",11.8,5.29,33.22,3.51,5.64,2.05,2.89,1.51,0.7,4.32,0.94,1.99,183.38,3.81,95.73,3.28,111.25,167.86
ETE,"2,138,417.40","1,231,508.90","280,000.00","904,998.17","1,261,307.45","1,214,087.93","97,585.07","46,810.07","23,350.74",0.04,"-34,952.46","-113,955.29","143,314.74","-5,593.01",2.61,2.34,12.44,1.88,3.71,1.36,1.8,1.03,0.43,1.17,0.63,12.61,28.94,4.77,76.57,5.93,61.56,43.94
FLOYD,"543,187.70","103,483.97","180,000.00","439,703.72","312,952.67","275,210.27","37,434.87","29,922.31","24,075.78",0.07,"69,115.88","-2,418.56",-69.1,"66,628.22",5.65,5.76,29.24,7.69,9.56,0.24,N/A,3.96,3.71,2.08,0.6,18.06,20.21,2.38,153.16,3.38,107.99,65.38
FPI,"3,719,200.00","1,600,236.00","378,257.00","2,118,964.00","2,680,336.00","2,100,069.00","731,161.00","531,402.00","408,562.00",0.27,"298,980.00","-129,265.00","99,274.00","268,989.00",20.8,15.51,29.19,15.24,19.83,0.76,28.28,1.63,1.14,2.23,0.78,3.17,115.15,2.27,161.14,5.06,72.12,204.17
FSMART,"2,834,783.12","1,706,834.31","390,000.00","1,127,881.25","2,473,725.10","2,130,534.41","867,686.48","387,392.80","301,885.41",0.4,"601,247.20","-346,546.61","-323,015.38","-68,314.79",26.77,13.42,17,12.2,15.66,1.51,23.42,0.84,0.19,2.21,0.86,46.71,7.81,N/A,-,3.11,117.41,-109.6
FVC,"1,139,700.53","428,663.21","282,571.48","495,566.74","776,092.75","716,507.93","95,276.03","59,584.82","32,945.93",0.06,"54,381.97","-94,611.74","236,743.61","196,513.83",8.02,6.01,25.8,5.04,7.68,0.6,6.71,2.28,1.71,2.57,0.78,3.73,97.87,3.08,118.51,3.37,108.28,108.1
GCAP,"1,396,202.19","979,697.71","186,703.66","416,504.48","213,675.38","246,439.29","-22,514.91","-32,763.91","-100,636.39",-0.3,"323,398.94",-437.24,"-309,015.11","13,946.58",-23,-2.01,58.2,-47.1,-15.33,2.35,-0.38,0.75,0.09,-,0.13,N/A,-,N/A,-,N/A,-,-
GLORY,"355,584.04","35,355.86","135,000.00","320,228.18","138,120.36","98,591.31","57,834.17","36,532.62","28,963.49",0.11,"46,389.69","2,103.83","-5,399.81","43,093.71",9.39,10.88,51.71,20.97,26.45,0.11,N/A,6.19,3.8,3.02,0.41,106.26,3.44,9.06,40.29,3.04,120.24,-76.52
GSC,"296,952.87","47,539.61","125,000.00","225,832.31","119,565.21","101,933.56","30,557.89","23,429.32","15,488.95",0.06,"20,260.20","6,052.31","-3,240.90","23,071.62",7.11,8.75,43.15,17.36,19.6,0.19,16.78,9.18,8.04,4.41,0.45,690.7,0.53,13,28.08,6.19,58.92,-30.31
GTB,"1,002,882.63","302,190.23","240,000.00","700,691.41","1,119,548.70","1,063,687.32","88,178.95","56,667.92","44,483.34",0.05,"55,749.89","-8,257.83","-7,932.37","39,559.69",6.59,5.61,18.45,3.97,5.06,0.43,21.71,2.9,1.51,4.12,1.11,7.06,51.66,6.33,57.63,5.45,66.98,42.31
GTV,"5,543,053.58","1,419,995.45","6,565,391.68","3,893,842.63","371,526.31","536,339.21","1,666.66","-140,201.85","-211,712.13",-0.02,"28,304.51","-1,101,490.18","1,111,363.46","38,177.79",-6.12,-2.73,47.67,-54.76,-37.74,0.34,-1.95,2.17,1.23,0.25,0.07,0.33,"1,106.92",3.26,112.03,3.15,115.96,"1,103.00"
HARN,"1,783,103.32","434,478.60","292,250.00","1,347,992.72","1,242,289.73","1,128,241.57","159,158.02","114,048.16","88,783.95",0.15,"91,979.80","-62,252.37","-69,805.26","-40,077.83",6.66,6.58,28.4,7.15,9.18,0.32,49.71,3.35,1.86,5.67,0.72,2.3,158.7,4.76,76.67,3.68,99.16,136.22
HEALTH,"1,031,492.01","74,917.82","382,499.50","954,653.78","118,030.96","625,063.18","-432,730.31","-472,876.55","-457,287.08",-1.27,"-36,470.52","-93,844.38","117,109.57","-13,205.33",-42.02,-38.49,41.23,-403.14,-400.64,0.08,-199.15,0.77,0.46,1.22,0.1,8.36,43.68,4.33,84.34,5.53,66.01,62
HL,"1,288,185.09","346,197.79","136,000.00","941,987.30","1,538,212.95","1,389,819.51","186,485.25","148,393.44","118,229.10",0.43,"136,200.45","-624,512.56","-70,340.19","-558,652.30",13.08,12.33,24.76,7.69,9.65,0.37,26.69,4.76,0.91,5.81,1.28,6.19,58.98,75.22,4.85,8.51,42.91,20.92
HPT,"365,623.21","44,850.07","165,519.83","319,965.30","325,420.18","281,525.38","61,812.69","43,487.36","35,066.94",0.05,"37,015.68","-51,721.42","-26,144.63","-40,850.37",11.19,12.07,25.49,10.81,13.36,0.14,100.73,5.58,3.62,2.15,0.9,3.36,108.61,5.93,61.57,7.65,47.7,122.49
HYDRO,"404,966.57","314,673.72","311,925.50","90,292.85","133,006.11","204,194.71","-65,860.94","-71,157.90","-80,720.88",-0.26,"-104,077.93","12,905.80","44,388.21","-46,783.93",-76.21,-16.46,-17.39,-60.69,-53.5,3.49,-7.49,0.83,0.43,4.44,0.31,6.79,53.74,1.23,296.08,1.26,289.95,59.87
ICN,"1,363,670.74","540,300.08","308,959.86","799,697.73","1,443,864.40","1,275,804.51","177,985.78","168,059.89","132,544.92",0.24,"-2,135.02","10,120.98","-7,136.53",849.42,18.31,13.97,17.62,9.21,11.64,0.66,171.03,2.93,1.79,55.39,1.2,25.2,14.49,3.51,104,7.49,48.74,69.75
IIG,"1,139,862.00","537,855.29","50,000.00","599,389.95","959,435.95","845,523.90","115,282.57","110,522.56","83,541.28",0.84,"-101,955.29","-54,778.38","112,371.21","-44,362.46",14.49,11.41,22.78,8.92,11.52,0.89,36.67,1.58,0.69,137.46,0.99,N/A,-,5.27,69.3,5.66,64.54,4.76
IMH,"1,094,466.14","264,291.10","107,500.00","829,980.14","651,203.43","429,153.53","257,817.19","222,049.90","173,109.99",0.81,"58,834.20","-19,286.10","-216,293.27","-176,745.18",20.68,19.52,52.36,26.58,34.1,0.32,20.52,6.94,2.15,2.02,0.57,19.04,19.17,20.69,17.64,5.95,61.39,-24.58
IND,"774,131.31","367,710.49","175,000.00","406,420.83","611,370.89","569,952.09","46,451.96","41,418.81","32,430.79",0.09,"21,868.93","-18,014.42","4,137.33","7,991.85",8.26,5.73,21.78,5.3,6.77,0.9,63.27,1.81,0.78,33.57,0.85,N/A,-,5.45,66.96,2.25,162.04,-95.08
IP,"3,025,824.57","952,245.77","186,260.26","1,926,557.56","1,534,447.29","1,362,742.83","235,776.17","170,936.21","119,242.97",0.36,"143,093.92","-588,130.30","1,047,847.36","602,810.98",8.87,7.85,40.6,8.34,11.14,0.46,7.32,3.04,2.35,2.47,0.71,3.52,103.71,4.45,81.99,3.93,92.85,92.85
IRCP,"1,037,573.49","505,480.79","278,850.12","552,792.12","1,322,578.62","1,233,591.99","104,856.60","88,986.63","49,051.86",0.1,"118,921.82","-89,746.43","-61,296.83","-32,121.44",11.01,9.66,14.93,3.76,6.73,0.95,3.3,1.66,0.9,32.42,1.44,19.62,18.6,4.47,81.6,9.16,39.84,60.36
ITNS,"666,488.99","217,038.97","220,000.00","449,450.02","551,958.25","483,445.60","73,227.64","69,262.08","55,270.81",0.34,"82,822.81","-63,512.63","203,531.59","222,841.77",17.33,14.88,18.23,10.01,12.55,0.48,"2,259.04",2.52,1.72,16.44,1.19,9.81,37.22,6.42,56.83,4,91.27,2.78
JAK,"812,861.49","384,236.44","320,000.00","428,625.04","89,380.35","91,687.91","12,360.29","9,273.94","2,595.58",0.01,"-137,664.67",-742.82,"129,780.04","-8,627.45",0.61,1.26,36.53,2.9,10.38,0.9,1.05,2.9,0.05,4.22,0.12,0.14,"2,681.17",90.12,4.05,3.16,115.57,"2,569.65"
JCKH,"1,181,567.35","1,113,093.59","586,808.19","68,473.77","543,561.06","733,991.69","-5,062.65","-190,430.63","-227,543.80",-0.13,"-46,057.77","-39,743.46","85,851.81",50.58,-551.23,-16.02,49.5,-41.86,-35.03,16.26,-5.16,0.17,0.01,0.67,0.46,5.55,65.79,15.87,23,0.83,440.02,-351.23
JSP,"1,222,396.78","280,372.26","227,500.00","942,024.03","436,453.28","450,901.49","11,908.67","-14,136.50","-17,482.77",-0.04,"-5,153.66","-469,215.74","-53,735.10","-528,104.50",-1.83,-1.14,28.62,-4.01,-3.24,0.3,-1.94,4.49,1.49,0.82,0.35,2.93,124.47,8.36,43.68,7.08,51.58,116.58
JUBILE,"2,160,538.37","648,293.97","174,273.13","1,512,244.41","1,795,123.40","1,394,878.14","507,224.35","400,245.26","314,378.83",1.8,"254,599.58","-2,080.23","-239,664.43","12,854.92",22.11,18.8,49.77,17.51,22.3,0.43,85.35,4.14,2.47,5.22,0.84,1.45,252.45,14.98,24.37,2.81,129.86,146.96
K,"886,646.84","569,242.09","239,767.24","317,404.75","849,419.73","839,015.00","29,627.74","10,404.73","1,955.27",-,"-31,646.13","-1,253.70","84,612.19","51,712.36",0.75,1.2,13.64,0.23,1.22,1.79,0.9,1.16,0.71,5.37,0.98,118.49,3.08,5.08,71.88,2.79,130.69,-55.72
KASET,"778,049.25","383,387.59","278,000.00","394,661.66","476,036.44","517,514.83","1,135.55","-20,643.07","-28,138.59",-0.1,"17,551.66","-13,408.41","-18,466.78","-14,323.53",-8.92,-2.85,16.24,-5.91,-4.34,0.97,-2.7,0.96,0.5,1.39,0.66,2.86,127.6,2.5,146.06,3.89,93.8,179.85
KCC,"1,726,564.22","631,540.33","310,000.00","1,095,023.89","204,391.57","74,091.32","133,111.74","130,300.26","77,240.50",0.14,"-579,429.59","10,586.13","741,826.79","172,983.33",9.93,10.58,73.57,37.79,63.75,0.58,3.84,2.24,1.72,-,0.17,N/A,-,N/A,-,N/A,-,-
KCM,"615,977.84","185,331.45","170,000.00","430,644.76","361,751.68","373,502.07","12,852.03","-11,193.01","-13,274.27",-0.02,"55,118.42","-75,366.05","1,373.36","-18,874.27",-3.04,-1.79,24.21,-3.67,-3.09,0.43,-3.32,0.78,0.06,2.06,0.58,2.11,172.89,19.15,19.06,7.55,48.37,143.58
KGEN,"999,742.59","376,374.52","1,124,417.30","628,413.46","157,883.32","235,098.68","-37,892.78","-77,215.36","-58,247.66",-0.05,"173,369.04","305,810.73","63,614.24","542,794.02",-9.36,-7.92,11.39,-45.6,-48.91,0.6,-165.85,2.4,1.57,2.1,0.16,17.98,20.3,2.81,129.75,3.45,105.72,44.33
KJL,"1,125,520.63","549,185.93","58,000.00","576,334.70","1,026,068.12","853,885.49","220,758.47","171,889.96","131,628.91",1.46,"133,329.94","-40,071.53","255,497.49","348,755.90",33.71,18.61,28.62,12.83,16.75,0.95,16.74,1.57,1.43,2.22,1.11,12.26,29.76,4.84,75.47,4.26,85.75,19.48
KK,"402,444.54","223,796.18","120,749.98","178,648.36","972,708.97","957,653.78","34,099.06","15,055.19","8,925.94",0.04,"28,261.56","-18,509.29","-22,173.67","-12,421.40",5.06,3.83,12.42,0.92,1.55,1.25,3.81,1.31,0.28,5.45,2.48,5.33,68.46,53.11,6.87,7.17,50.89,24.45
KLINIQ,"2,590,250.45","944,496.93","110,000.00","1,645,753.53","1,647,198.80","1,390,341.47","398,861.00","256,857.32","205,488.71",1.21,"407,959.72","-1,226,441.51","1,207,016.78","388,535.00",22.75,15.04,56.31,12.48,15.59,0.57,24.1,2.38,0.66,2.44,0.96,7.01,52.07,754.25,0.48,4.38,83.38,-30.83
KOOL,"1,558,658.36","167,891.52","618,067.93","1,389,279.42","574,827.80","539,367.68","62,013.84","45,697.29","41,144.17",0.02,"-176,869.12","-454,814.02","691,484.95","59,801.81",4.59,4.18,18.71,7.12,7.95,0.12,7.45,9.76,1.75,9.49,0.53,2.11,173.18,5.74,63.57,7.45,49.02,187.73
KTMS,"682,189.44","195,284.29","150,000.00","485,484.44","385,083.06","354,597.02","52,367.57","30,486.04","21,181.44",0.09,"52,011.85","-103,275.32","271,024.37","219,760.90",5.9,5.69,19.02,5.48,7.92,0.4,6.89,3.87,3.58,2.44,0.72,11.16,32.72,2.33,156.63,3.6,101.5,87.85
KUMWEL,"915,178.53","361,163.03","215,000.00","554,015.50","561,832.34","481,618.51","101,949.47","80,213.83","61,810.70",0.14,"14,586.19","-133,880.63","115,225.65","-4,068.79",11.55,9.99,39.14,11,14.28,0.65,18.02,2.61,1.15,1.49,0.7,1.63,223.47,3.64,100.34,5.13,71.21,252.6
KUN,"2,267,471.25","1,626,572.13","343,199.96","639,500.91","1,005,186.78","866,691.46","145,114.36","138,495.32","106,431.19",0.16,"-154,257.57","8,470.55","321,375.13","175,588.11",16.87,6.77,26.56,10.61,13.78,2.54,28.51,2.71,0.42,10.14,0.49,0.5,729.34,46.2,7.9,2.92,125.11,612.14
KWM,"645,764.14","146,623.70","236,591.87","485,421.21","477,914.33","440,497.72","60,155.17","37,615.97","30,530.88",0.07,"46,690.72","-54,299.01","-103,774.63","-111,382.93",6.23,5.46,17.9,6.25,7.87,0.29,6.1,3.86,1,2.14,0.69,1.37,265.9,5.41,67.44,12.98,28.11,305.22
LDC,"488,223.25","250,962.72","150,000.00","237,260.53","437,524.96","397,239.23","91,789.99","40,285.74","26,878.79",0.04,"72,634.27","-8,269.71","-24,280.11","40,084.46",12.01,8.43,21.61,6.14,9.21,1.06,2.8,2.4,1.84,1.4,0.92,16.39,22.27,55.05,6.63,9.58,38.09,-9.19
LEO,"1,715,256.00","802,479.00","160,000.00","892,892.00","4,495,348.00","4,109,785.00","424,209.00","399,491.00","304,588.00",0.95,"643,830.00","-319,198.00","-41,655.00","282,977.00",36.59,24.02,19.72,6.81,8.89,0.88,21.26,3.98,3.92,18.15,2.7,N/A,-,6.35,57.48,13.47,27.11,30.38
LIT,"2,017,457.96","909,028.68","442,931.26","1,108,429.16","156,571.86","230,192.98","-62,640.48","-73,621.12","-100,030.96",-0.23,"399,394.45",-782.58,"-1,550.93","397,060.94",-9.77,-3.53,47.54,-63.89,-47.02,0.82,-1.48,2.45,0.92,-,0.08,N/A,-,N/A,-,N/A,-,-
MBAX,"1,535,148.61","944,817.79","191,895.14","590,330.81","1,987,197.45","1,822,102.16","245,624.84","166,964.38","122,604.52",0.64,"146,407.67","-48,464.04","-87,464.55","10,479.08",21.51,11.13,14.76,6.17,8.4,1.6,7.62,1.07,0.5,3.29,1.32,4.1,88.98,6.25,58.41,7.55,48.32,99.08
META,"4,431,865.99","2,393,647.19","2,146,495.66","2,004,727.69","92,017.58","219,434.15","-88,544.14","-112,863.40","-134,624.98",-0.07,"198,652.32","-251,163.89","122,339.51","69,827.94",-6.63,-2.19,-6.92,-145.75,-122.65,1.17,-5.26,1.39,0.22,2.51,0.02,N/A,-,0.02,"20,242.68",0.02,"22,899.51","-2,656.82"
MGT,"833,311.99","166,296.30","200,000.00","562,831.32","1,062,351.09","951,363.70","132,203.02","110,012.26","82,228.47",0.21,"115,049.98","-50,173.12","-86,555.60","-21,678.74",14.9,13.03,26.41,8.01,10.36,0.25,40.62,4.46,2.95,6.42,1.26,4.81,75.88,5.16,70.72,13.39,27.25,119.35
MITSIB,"1,588,417.98","849,709.55","375,187.18","738,706.92","495,099.47","426,533.81","70,894.44","57,223.13","21,481.96",0.03,"4,422.34","-3,111.85","-45,481.75","-44,171.26",2.93,3.62,35.04,4.34,11.56,1.15,1.73,1.63,0.06,-,0.31,N/A,-,N/A,-,N/A,-,-
MOONG,"1,352,052.27","279,012.76","168,722.63","1,073,039.50","831,004.48","812,803.53","56,389.54","40,180.91","35,695.88",0.11,"-1,740.02","38,756.00","-42,936.12","-5,920.14",3.35,2.96,37.96,4.3,4.84,0.26,26.53,1.93,1.51,19.3,0.61,6.15,59.35,4.33,84.32,2.52,145.01,-1.34
MORE,"2,002,199.96","127,188.97","358,837.42","1,854,592.23","140,214.09","119,284.96","29,499.56","18,429.22","13,905.07",-,"-69,083.04","-10,130.32","758,867.92","679,654.57",0.84,1.02,26.46,8.56,13.14,0.07,4.13,6.49,6.41,1.46,0.08,13.45,27.13,1.86,195.72,0.67,545.32,-322.47
MTW,"734,290.87","166,595.72","337,000.00","514,299.41","250,890.23","222,262.65","37,679.26","28,627.58","19,373.15",0.08,"-44,288.29","-129,028.29","323,383.65","150,067.08",4.82,5.12,27.28,8.81,11.41,0.29,9.27,3.05,1.77,0.97,0.45,1.27,287.26,3.82,95.51,10.29,35.47,347.3
MUD,"5,252,321.98","3,124,581.66","1,053,386.75","2,188,341.27","3,168,433.40","3,079,036.31","502,527.48","89,397.09","24,105.38",0.02,"457,894.85","-304,385.85","-155,258.17","-1,749.17",1.11,1.76,60.01,0.12,2.82,1.47,0.79,0.35,0.2,1.83,0.62,6.48,56.36,27.06,13.49,2.82,129.53,-59.68
MVP,"640,866.39","196,393.91","153,894.62","444,090.44","341,645.44","323,597.42","59,736.99","17,727.52","7,935.46",0.03,"-18,916.77","-174,658.12","184,835.55","-8,739.34",2.36,3.4,37.78,2.44,5.19,0.44,2.53,2.63,1.42,1.87,0.65,4.86,75.08,1.85,197.44,4.4,83.04,189.49
NCL,"1,357,214.58","680,714.95","132,058.50","654,269.01","1,940,402.60","1,929,373.96","59,966.86","14,836.61","-6,628.15",-0.01,"-5,421.74","-9,334.29","114,608.23","99,852.19",-1.24,1.23,13.86,-0.3,0.76,1.01,1.1,1.22,1.02,7.89,1.61,216.53,1.69,5.87,62.17,8.62,42.33,21.53
NDR,"1,108,197.19","258,913.05","346,891.51","847,633.04","844,915.11","860,622.51","22,769.11","-25,296.90","-24,371.74",-0.07,"8,277.61","-13,898.52","-29,219.52","-34,840.42",-2.78,-2.17,13.02,-2.93,-2.99,0.3,-5.96,1.79,1.02,1.54,0.72,4.88,74.74,7.44,49.08,9.55,38.24,85.58
NETBAY,"684,033.70","183,065.57","200,000.00","500,968.13","461,648.93","246,550.11","228,679.44","214,851.47","169,739.29",0.85,"149,984.41","7,475.08","-162,108.31","-4,648.82",34.54,32.46,78.78,36.77,46.54,0.37,612.37,3.1,1.16,21.08,0.7,N/A,-,5.02,72.78,11.33,32.22,40.56
NEWS,"1,357,859.76","36,513.62","105,650,197.65","1,321,346.13","25,013.63","118,236.15","49,695.54","38,845.59","53,116.50",-,"-190,798.05","139,203.85","496,527.55","444,933.35",5.17,3.53,-36.29,212.33,155.3,0.03,35.25,70.21,67.62,0.85,0.02,21.01,17.37,0,"109,539.14",0.03,"13,401.39","96,155.12"
NPK,"514,520.69","72,155.71","100,000.00","441,145.22","223,554.59","225,174.81","5,734.09","-1,620.22","-18,988.35",-1.9,"-6,116.90","-2,911.54","6,572.13","-2,456.30",-4.43,-0.33,10.28,-8.44,-0.72,0.16,-1.74,6.18,4.28,0.86,0.46,3.4,107.39,4.14,88.17,13.68,26.69,168.87
OTO,"979,359.07","142,220.70","559,999.99","787,914.26","634,893.57","773,396.36","-87,937.65","-138,502.79","-116,220.72",-0.21,"90,810.82","-171,221.52","-12,423.16","-92,833.85",-13.74,-13.97,17.32,-18.23,-21.82,0.17,-171.11,5.03,4.13,7.91,0.64,113.73,3.21,6.09,59.9,7.86,46.45,16.66
PACO,"1,414,581.28","480,774.38","500,000.00","933,806.90","913,733.07","827,958.03","140,694.76","90,513.70","82,496.24",0.08,"-137,862.66","-85,276.33","230,660.79","7,521.79",8.99,7.07,15.38,9.03,9.91,0.51,12,2.9,1.06,1.86,0.71,1.58,230.85,5.14,71.03,7.42,49.17,252.71
PDG,"719,770.94","136,023.24","148,499.96","583,747.70","759,071.83","707,820.98","97,273.99","51,250.85","40,627.12",0.14,"22,342.28","-5,936.55","-45,293.56","-28,887.83",6.93,6.91,15.3,5.35,6.75,0.23,144.75,4.27,3.19,3.09,1.02,6.12,59.65,7.57,48.23,5,73.05,34.82
PHOL,"638,818.65","285,253.81","202,500.23","354,867.48","1,003,336.00","931,595.83","79,678.36","71,472.90","54,035.32",0.27,"27,419.14","-16,039.60","-16,495.15","-5,115.61",15.34,11.21,25.76,5.39,7.12,0.81,25.35,1.88,0.85,10.48,1.57,3.18,114.86,6.05,60.37,5.09,71.68,103.56
PICO,"736,384.53","373,814.71","215,624.56","361,647.20","1,114,887.02","1,096,783.00","45,419.58","19,863.30","12,451.72",0.06,"37,334.08",552.24,"-27,978.03","9,908.29",3.57,2.87,21.77,1.19,1.78,1.03,9.09,1.82,1.29,8.79,1.61,N/A,-,6.47,56.44,4.15,87.94,-31.5
PIMO,"1,112,613.83","280,725.64","166,980.56","831,888.19","1,241,337.42","1,120,534.67","154,154.15","120,802.75","105,274.28",0.16,"31,795.54","-21,999.67","47,301.27","57,097.14",12.65,10.86,15.62,8.48,9.73,0.34,"1,971.97",2.84,1.01,2.82,1.12,2.43,150.49,7.8,46.8,4.82,75.78,121.51
PJW,"3,131,441.25","1,884,732.77","306,883.24","1,246,708.47","3,360,786.05","3,200,489.97","410,906.00","160,296.08","83,532.56",0.14,"426,222.42","-180,346.56","-263,019.11","-17,143.25",6.86,5.2,16.22,2.49,4.77,1.51,3.19,0.81,0.54,1.91,1.09,8.59,42.51,4.81,75.89,5.68,64.32,54.08
PLANET,"944,914.23","329,598.22","393,166.66","615,316.01","617,489.45","638,848.76","16,463.62","-21,546.57","-27,243.76",-0.07,"-152,990.06","-83,754.84","93,027.67","-143,717.23",-4.45,-2.42,23.24,-4.41,-3.49,0.54,-2.87,2.64,1.75,2.87,0.69,9.44,38.65,2.3,158.56,5.32,68.62,128.59
PPM,"1,989,476.24","1,051,010.36","211,000.05","938,880.80","1,977,232.49","1,912,476.49","96,090.59","37,398.92","7,440.91",0.02,"-32,174.70","-64,868.11","99,376.15","2,333.34",0.79,1.94,9.5,0.37,1.89,1.12,1.42,1.26,0.49,4.29,1.03,2.96,123.44,4.59,79.55,32.51,11.23,191.77
PPS,"676,847.93","345,946.11","214,963.79","333,694.12","438,838.90","391,987.62","61,921.11","47,209.87","22,769.33",0.03,"106,600.20","-13,003.10","-8,755.09","84,842.01",7.11,7.13,26.18,4.95,10.76,1.05,2.45,3.22,1.95,12.43,0.66,N/A,-,4.12,88.62,6.92,52.73,35.89
PRAPAT,"1,192,420.20","695,770.85","186,999.85","474,963.51","958,696.32","903,039.33","148,234.15","55,407.12","24,243.78",0.06,"88,368.96","-120,858.68","-1,266.58","-33,756.29",5.23,4.8,39.57,2.92,5.78,1.4,2.96,1.07,0.58,2.1,0.83,2.56,142.85,5.4,67.57,4.36,83.77,126.65
PRI,"1,635,843.58","152,509.32","160,000.00","1,483,334.26","914,905.05","607,219.57","313,454.56","307,685.49","240,117.42",1.45,"127,430.93","-8,603.26","1,052,048.43","1,170,876.10",28.72,32.37,43.1,26.25,33.63,0.1,735.09,10.99,10.74,65.69,0.96,31.13,11.73,4.23,86.26,8.5,42.94,55.04
PROEN,"1,590,379.38","1,118,491.36","158,000.00","471,167.06","1,548,360.78","1,450,118.86","137,007.06","98,241.92","65,236.76",0.21,"-14,853.03","85,869.07","356,365.91","427,381.95",14.64,7.36,13.41,4.2,6.34,2.37,3.27,2.32,2.27,9.2,1.16,23.37,15.62,2.73,133.81,2.78,131.41,18.02
PROS,"1,128,985.75","740,256.19","270,000.00","376,582.41","1,358,562.05","1,522,267.67","-155,441.02","-163,705.62","-135,919.10",-0.25,"-201,985.19","-2,672.65","85,660.11","-118,997.73",-30.07,-15.47,-6.73,-9.75,-12.05,1.9,-230.41,1.25,0.31,12.81,1.28,24.64,14.82,5.62,64.94,4.15,88.05,-8.29
PROUD,"3,270,059.85","2,445,625.24","641,469.42","824,434.62","2,110,290.52","1,737,275.14","390,687.60","373,015.37","228,520.67",0.36,"815,592.78","-38,479.19","-866,521.44","-89,407.86",32.18,10.28,36.42,10.83,17.68,2.97,5.42,2.28,0.22,57.28,0.58,0.44,825.88,39.75,9.18,3.52,103.65,731.4
PSG,"1,947,883.38","209,718.90","64,992,438.16","1,738,164.48","1,050,298.66","459,603.66","578,347.05","562,953.69","540,456.47",0.01,"-407,449.35","-27,603.84","-14,795.25","-449,848.45",36.78,34.76,67.31,51.46,53.6,0.12,163.95,10.16,9.38,20.81,0.65,N/A,-,25.14,14.52,5.52,66.18,-51.66
PSTC,"7,323,301.94","1,956,075.45","1,185,974.79","5,362,361.24","1,892,383.80","1,857,402.91","43,330.43","-23,612.11","-107,415.60",-0.05,"-20,212.39","382,266.98","-310,088.93","51,965.67",-2.05,-0.32,7.8,-5.77,-1.25,0.36,-0.34,0.71,0.3,1.17,0.25,18.99,19.22,5.71,63.88,3.7,98.64,-15.54
PTC,"862,782.51","18,957.24","205,000.00","843,825.27","198,830.99","93,849.64","130,888.27","104,981.36","83,719.71",0.21,"117,171.04","-21,802.40","175,095.07","270,463.71",13.12,14.33,69.94,42.11,52.8,0.02,92.51,23.77,23.55,0.4,0.27,N/A,-,5.22,69.94,21.61,16.89,53.05
QLT,"523,815.83","80,636.44","98,568.49","437,763.11","457,673.92","433,463.25","42,799.77","20,099.41","17,856.19",0.18,"40,761.96","-32,657.05","-13,741.26","-5,636.34",4.1,3.9,29.21,3.93,4.39,0.18,27.59,3.72,2.5,2.75,0.89,35.28,10.35,5.09,71.78,7.84,46.57,35.55
RP,"1,171,470.74","538,235.52","200,811.61","633,235.22","534,191.20","613,086.59","24,330.97","-78,895.39","-74,898.30",-0.37,"32,285.50","-99,638.24","25,557.33","-41,795.42",-11.17,-6.67,-1.04,-14.02,-14.77,0.85,-4.53,0.45,0.33,0.52,0.45,33.62,10.86,29.89,12.21,9.81,37.19,-14.13
RWI,"1,352,887.52","240,996.08","457,638.14","1,111,891.44","960,465.57","1,169,554.21","-179,568.98","-209,088.64","-222,024.56",-0.24,"-37,790.42","118,712.29","-171,644.43","-90,722.56",-17.88,-13.42,-0.47,-23.12,-21.77,0.22,-15.81,10.78,8.72,3.08,0.62,4.94,73.93,3.48,104.74,30.75,11.87,166.79
SAAM,"511,897.52","143,297.17","150,003.08","368,596.86","125,993.16","47,340.66","89,045.14","79,060.18","72,284.68",0.24,"29,517.80","46,019.26","-30,620.52","44,916.54",21.44,16.8,73.36,57.37,62.75,0.39,31.79,2.55,2.41,0.9,0.27,2.48,147.03,8.37,43.62,0.97,376.32,-185.67
SALEE,"1,969,861.77","317,335.19","380,121.02","1,305,219.22","1,599,923.89","1,468,725.63","272,770.79","131,198.26","114,461.09",0.08,"278,581.48","-59,081.49","-115,367.29","104,132.70",9.04,6.71,23.53,6.02,8.2,0.19,30.49,3.68,2.84,1.9,0.82,5.75,63.53,4.58,79.77,6.69,54.52,88.78
SANKO,"513,665.69","305,246.43","158,331.12","208,419.25","717,658.52","689,097.96","61,383.91","28,560.56","21,802.44",0.07,"80,124.38","-39,897.15","-44,094.78","-3,867.55",11.03,5.63,13.47,3.04,3.98,1.46,4.07,1.03,0.61,2.76,1.42,7.72,47.3,5.99,60.93,5.55,65.77,42.46
SE,"557,127.48","157,331.75","327,594.26","396,171.18","611,698.39","557,252.97","89,049.94","81,104.12","66,751.96",0.1,"73,053.35","-5,823.38","-27,512.72","39,717.26",18.36,15.52,27.72,11.2,13.26,0.39,43.67,2.52,1.83,8.53,1.17,6.24,58.53,6.18,59.03,4.65,78.46,39.1
SEAOIL,"3,564,152.00","1,442,884.00","692,798.00","2,097,537.00","21,685,622.00","21,678,302.00","494,252.00","467,116.00","440,597.00",0.64,"-108,315.00","336,541.00","-183,734.00","44,492.00",23.53,14.03,1.69,2.08,2.15,0.68,21.03,1.69,1.45,333.56,6.51,"3,557.72",0.1,14.38,25.39,20.43,17.86,7.62
SECURE,"811,871.44","199,828.85","51,370.50","612,042.59","897,197.19","836,696.79","80,817.22","68,532.87","55,061.82",0.54,"25,609.22","-7,778.70","-22,567.16","-4,736.65",9.29,8.86,16.23,6.14,7.64,0.33,83.06,4.26,4.06,27.48,1.16,30.55,11.95,4.22,86.49,5.85,62.35,36.09
SELIC,"2,781,938.00","1,547,076.00","295,642.00","959,465.00","1,624,702.00","1,543,379.00","135,626.00","75,326.00","40,245.00",0.08,"128,320.00","-615,469.00","566,397.00","79,248.00",4.95,3.32,22,2.44,4.64,1.25,3.14,1.61,0.91,3.34,0.72,3.5,104.43,4.88,74.84,5.02,72.64,106.63
SENX,"5,837,741.92","2,152,659.42","2,100,000.00","3,679,019.32","845,044.70","926,952.67","168,286.29","-89,053.85","-197,815.85",-0.05,"358,557.91","352,418.15","45,363.65","756,339.71",-5.32,-1.5,29.62,-23.5,-10.54,0.58,-0.97,2.86,0.51,12.54,0.14,0.13,"2,807.86",5.17,70.61,1.9,191.64,"2,686.83"
SFT,"1,046,357.89","289,928.57","220,000.00","756,429.32","863,248.06","779,547.49","138,794.56","83,700.58","63,061.41",0.14,"101,028.83","-151,145.77","-18,030.78","-68,147.72",8.44,8.41,21.61,7.31,9.7,0.38,16.69,2.38,1.03,1.83,0.87,2.94,124.1,5.11,71.4,5.1,71.63,123.87
SGF,"2,949,161.94","1,166,857.49","1,637,500.00","1,782,304.45","516,160.60","406,552.61","123,492.01","109,607.99","41,265.12",0.03,"-353,447.25","67,154.89","300,996.32","14,703.97",2.34,3.95,85.78,7.99,21.24,0.65,1.54,1.34,0.07,-,0.19,N/A,-,N/A,-,N/A,-,-
SICT,"651,333.12","136,463.63","200,000.00","514,869.49","602,499.38","464,890.20","162,177.72","137,609.18","135,075.58",0.34,"92,208.07","-59,084.94","-18,408.55","14,714.57",29.7,24.22,52.51,22.42,22.84,0.27,"5,186.93",4.06,1.86,15.65,1.06,1.57,231.84,7.8,46.81,4.02,90.82,187.83
SIMAT,"1,684,173.79","430,659.48","648,564.61","1,015,609.55","928,364.88","813,965.86","244,158.29","115,342.93","62,706.54",0.11,"194,625.58","-78,116.40","13,147.83","129,657.02",6.37,6.7,34.61,9.11,12.42,0.34,7.42,2.8,1.6,1.52,0.54,5.94,61.49,5.23,69.82,4.79,76.17,55.14
SK,"533,471.53","181,141.87","230,000.00","352,329.38","626,251.11","617,622.71","23,581.80","8,911.36","9,448.65",0.02,"69,309.52","-37,314.24","9,846.19","41,841.47",2.67,1.68,15.41,1.51,1.42,0.51,7.76,2.43,1.33,4.18,1.18,6.76,54.03,8.13,44.91,10.7,34.1,64.84
SLM,"139,474.67","68,979.57","128,077.70","70,495.10","207,307.21","184,519.78","27,381.46","22,787.43","22,466.64",0.09,"33,338.58","-3,051.87","-3,960.00","26,326.71",37.91,16.61,42.75,10.84,10.99,0.98,55.21,1.76,1.37,20.68,1.51,304.7,1.2,8.03,45.48,2.57,141.89,-95.21
SMART,"746,644.00","141,729.00","520,783.00","604,915.00","572,287.00","521,126.00","96,919.00","51,161.00","38,962.00",0.04,"84,648.00","-81,127.00","-48,086.00","-44,565.00",6.43,6.97,18.52,6.81,8.94,0.23,26.54,2.83,1.91,1.28,0.78,12.41,29.41,5.49,66.46,6.07,60.14,35.73
SMD,"1,210,574.01","182,810.76","112,341.91","1,027,763.25","2,013,785.23","1,635,755.61","406,202.02","374,859.99","296,661.15",1.32,"466,090.47","-6,214.60","-396,830.62","63,045.24",30.81,28.97,29.45,14.73,18.61,0.18,43.85,9.64,6.81,15.59,1.56,4.81,75.85,10.08,36.2,22.38,16.31,95.74
SONIC,"1,745,336.27","430,549.34","379,772.73","1,293,573.04","3,836,189.22","3,428,551.06","440,665.76","407,638.16","307,587.58",0.42,"615,251.16","-146,770.77","-170,111.46","298,368.94",26.65,23.96,18.03,8.28,10.63,0.33,44.09,3.98,3.86,5.9,2.25,N/A,-,8.12,44.95,20.09,18.16,26.79
SPA,"2,419,102.85","1,850,102.51","213,749.98","568,996.76","721,366.18","757,991.69","274,975.36","-36,711.49","-88,029.56",-0.1,"186,709.71","-118,581.71","6,920.73","75,048.73",-14.83,-1.57,11.31,-12.2,-5.09,3.25,-0.73,0.53,0.42,0.37,0.31,19.23,18.98,31.33,11.65,9.62,37.95,-7.32
SPVI,"1,052,946.57","503,099.49","200,000.00","549,847.08","5,615,764.99","5,449,320.31","261,749.16","166,444.69","126,565.90",0.32,"148,918.92","-67,943.55","-130,141.01","-49,165.64",24.3,18.05,10.62,2.25,2.96,0.91,19.66,1.8,0.29,25.12,6.09,10.72,34.06,76.56,4.77,22.1,16.52,22.3
SR,"2,699,644.00","1,871,984.00","338,350.00","804,675.00","1,337,171.00","1,379,445.00","45,415.00","-35,758.00","-55,781.00",-0.08,"-160,955.00","-227,634.00","393,129.00","4,540.00",-6.7,-1.4,14.9,-4.83,-2.67,2.26,-1.62,1.05,0.54,1.09,0.52,15.05,24.26,4.17,87.5,3.68,99.26,12.49
SSS,"129,396.90","4,344.26","238,636.98","125,052.64","3,501.71","65,945.00","-130,397.60","-131,922.21","-132,119.67",-0.39,"-17,420.11","85,119.11","-19,826.15","47,872.85",-77.07,-71.11,43.07,"-3,773.00","-3,767.37",0.03,-668.1,31.68,30.29,1.26,0.02,N/A,-,0.24,"1,536.60",0.55,666.03,870.57
STC,"673,863.11","302,957.95","284,000.00","370,905.16","436,396.80","423,674.13","37,772.41","7,256.70","1,332.89",-,"13,402.30","-80,285.12","65,664.82","-1,217.99",0.36,1.15,26.28,0.31,1.66,0.82,1.48,0.86,0.63,0.95,0.69,7.68,47.55,3.57,102.22,3.95,92.36,57.4
STOWER,"1,219,164.48","152,443.45","3,697,251.39","1,074,131.21","360,088.92","452,158.43","-75,908.72","-92,069.51","-107,460.03",-,"-105,857.21","-487,953.76","404,438.13","-189,372.85",-12.58,-8.89,10.98,-28.97,-25.57,0.14,-11.13,9.09,3.36,0.82,0.35,3.75,97.28,3.73,97.92,6.32,57.72,137.48
STP,"843,729.36","205,125.78","100,000.00","638,603.58","562,572.23","425,060.62","170,893.08","137,511.61","109,645.14",1.23,"154,945.63","-416,101.61","258,262.35","-2,893.63",24.8,20.65,35.05,19.49,24.44,0.32,26.47,6.18,5.48,1.89,0.84,6.24,58.47,5.11,71.47,5.8,62.93,67.01
SWC,"1,273,543.91","554,122.33","226,696.48","692,182.80","1,696,795.16","1,639,837.63","103,238.11","56,957.53","17,256.02",0.04,"25,527.40","-36,209.87","65,589.79","54,907.32",2.49,4.57,33.43,1.39,3.36,0.77,29.32,1.75,1.14,4.67,1.36,4.37,83.48,6.02,60.6,3.52,103.56,40.52
TACC,"1,178,700.79","415,806.84","152,000.00","762,893.96","1,533,428.19","1,240,126.72","317,507.99","295,727.14","235,152.96",0.39,"271,809.09","-67,219.61","-190,285.28","14,304.21",31.24,26.37,35.2,15.34,19.29,0.55,256.6,2.71,1.22,13.6,1.37,18.36,19.88,5.33,68.51,3.68,99.1,-10.7
TAKUNI,"3,179,364.38","1,587,287.71","400,000.12","1,037,458.70","3,930,467.06","3,583,054.97","443,678.69","342,178.59","127,808.26",0.16,"315,182.59","-220,672.69","-444,977.19","-350,467.29",13.02,11.6,11.18,6.59,8.71,1,22.73,1.11,0.51,5.71,1.33,44.99,8.11,7.76,47.06,7.36,49.61,5.56
TAPAC,"2,170,593.00","1,178,566.00","411,864.00","940,538.00","2,522,519.00","2,512,397.00","272,896.00","159,672.00","63,562.00",0.16,"205,282.00","229,349.00","-300,909.00","133,722.00",6.85,6.73,10.12,3.06,6.33,1.19,3.95,1.25,0.44,4.7,1.06,2.61,139.9,6.5,56.14,5.45,66.97,129.07
THANA,"1,102,510.08","554,891.17","277,375.42","539,311.97","702,555.59","615,239.72","111,415.35","108,994.20","84,371.58",0.33,"-24,019.81","87,674.84","-18,038.28","45,616.75",17.99,10.49,32.13,11.45,15.51,1.01,10.93,2.21,0.18,75.86,0.68,0.63,582,11.6,31.46,6.63,55.03,558.43
THMUI,"663,826.26","291,274.73","170,000.00","364,151.29","379,954.86","378,601.29","20,398.94","1,353.57","-4,557.60",-0.01,"-11,348.91","-2,752.90","-15,766.97","-29,868.79",-1.24,0.21,37.5,-1.47,0.36,0.78,0.17,2.4,0.75,3.59,0.58,0.89,408.6,3.31,110.24,2.76,132.17,386.67
TIGER,"827,905.84","244,777.38","230,000.00","583,934.51","667,405.23","656,170.04","28,186.13","10,687.15","6,144.28",0.01,"59,930.57","7,862.94","-37,275.73","30,517.79",1.04,1.29,8.9,0.82,1.6,0.42,4.21,2.95,0.96,9.92,0.8,197.29,1.85,3.54,103.11,4.71,77.51,27.45
TITLE,"1,236,981.32","574,530.78","360,948.75","662,450.54","595,964.09","506,702.03","100,430.92","89,262.06","61,186.65",0.08,"488,199.79","-7,185.85","-463,187.04","17,826.90",9.74,6.57,44.37,10.27,14.98,0.87,7.93,1.05,0.17,8.94,0.44,0.58,633.25,"3,753.99",0.1,26.73,13.65,619.7
TM,"929,755.86","440,996.52","153,999.99","431,584.71","645,039.19","626,482.45","43,581.19","23,244.69","12,989.31",0.04,"15,528.78","-127,133.18","55,583.64","-56,020.76",2.96,2.63,35.55,1.72,3.6,0.9,3.7,1.54,0.91,1.93,0.73,2.33,156.61,3.21,113.83,6.15,59.33,211.11
TMC,"734,533.49","139,371.39","458,773.72","595,162.10","364,087.58","258,236.50","299,037.25","277,291.25","266,639.65",0.58,"28,724.12","314,599.52","-245,037.87","98,285.77",57.73,38.42,21.78,73.24,76.16,0.23,26.03,5.65,1.49,2.37,0.5,2.37,153.72,7.71,47.37,2.94,124.24,76.85
TMI,"761,802.16","508,885.55","167,860.22","226,082.14","568,886.41","526,901.14","68,939.28","41,985.27","30,208.98",0.04,"29,221.38","-99,302.79","69,481.90",-599.51,14.32,6.05,33.05,4.25,7.38,2.01,2.92,0.6,0.36,1.6,0.82,3.61,101.23,3.71,98.34,3.96,92.09,107.48
TMILL,"2,097,510.23","1,012,060.90","398,664.06","1,085,449.32","1,966,037.56","1,818,028.69","213,345.86","152,612.77","109,403.56",0.27,"271,882.56","-5,971.98","-249,176.32","16,734.26",10.2,7.78,15.12,5.56,7.76,0.93,10.64,1.75,0.46,2.59,1,1.91,191.43,8.57,42.58,6.54,55.82,178.19
TMW,"3,516,029.00","829,279.00","199,500.00","2,686,750.00","3,555,203.29","3,355,484.64","454,433.62","199,718.65","175,993.79",4.41,"485,401.29","-298,880.42","-102,207.19","84,313.68",6.73,5.93,14.93,4.95,5.62,0.31,180.37,2.27,1.86,1.86,1.06,11.28,32.36,5.77,63.22,5.18,70.5,25.08
TNDT,"1,145,445.52","651,069.37","403,035.00","506,505.44","252,965.92","265,495.84","15,547.94","-12,529.92","-55,352.06",-0.08,"14,369.20","-54,120.47","41,621.73","1,870.45",-11.07,-1.08,29,-21.92,-4.95,1.32,-0.3,0.51,0.16,0.39,0.22,33.27,10.97,4.68,78.07,40.06,9.11,79.93
TNH,"3,037,754.00","500,711.00","180,000.00","2,537,043.00","2,435,933.58","2,041,395.83","503,982.04","402,888.17","326,316.10",1.81,"541,581.39","130,488.39","-107,999.70","564,070.08",13.44,13.82,26.67,13.4,16.54,0.2,N/A,3.98,3.3,1.82,0.84,43.03,8.48,6.96,52.44,8.32,43.85,17.08
TNP,"1,249,514.79","258,955.34","200,000.00","990,559.45","2,448,726.41","2,262,272.68","237,218.90","186,453.73","149,014.87",0.19,"112,274.01","-116,215.39","-71,815.02","-75,756.40",15.68,15.29,17.15,6.09,7.61,0.26,82.03,2.42,0.45,3.23,2.01,6.12,59.67,126.06,2.9,11.71,31.17,31.39
TPCH,"9,258,311.09","5,341,290.83","401,200.00","3,043,884.75","2,758,265.59","2,214,318.61","872,357.67","506,129.59","173,131.68",0.43,"728,906.00","-518,039.14","-525,825.28","-314,958.42",5.84,5.39,21.69,10.61,18.35,1.36,2.53,1.14,0.57,0.38,0.29,31.57,11.56,5.76,63.32,12.27,29.76,45.12
TPLAS,"383,066.48","58,325.88","135,000.00","324,740.60","566,141.95","529,579.29","48,663.09","36,562.67","29,616.33",0.11,"31,404.33","-13,207.43","-27,283.62","-9,086.72",9.17,9.57,16.59,5.23,6.46,0.18,809.63,4.36,2.73,2.83,1.48,8.19,44.54,8.76,41.66,12.37,29.52,56.69
TPS,"890,079.11","435,899.42","167,999.94","454,228.77","986,856.99","892,874.03","108,446.14","93,982.96","75,829.00",0.22,"-152,984.09","-1,752.81","52,526.58","-102,210.32",17.65,11.29,26.35,7.48,9.52,0.96,68.76,1.74,1.09,6.03,1.19,7.23,50.48,4.61,79.1,3.64,100.21,29.37
TQR,"595,323.54","98,519.31","115,000.00","495,436.85","243,495.57","119,758.95","131,547.18","123,736.62","98,226.45",0.43,"90,109.24","-103,986.02","-70,759.59","-84,636.38",20.61,21.66,76.05,40.36,50.82,0.2,177.95,7.58,5.85,15.41,0.43,N/A,-,N/A,-,1.42,256.94,-256.94
TRT,"2,825,951.97","1,839,134.81","308,008.27","1,016,075.34","1,719,573.79","1,779,667.29","16,052.08","-61,257.56","-92,085.38",-0.3,"-27,360.71","-111,460.14","145,657.83","6,836.98",-8.52,-2.17,11.25,-5.52,-3.56,1.86,-1.37,1.26,0.58,1.91,0.61,1.88,194.45,2.91,125.28,5.95,61.33,258.41
TRV,"372,524.19","57,837.51","105,000.00","314,686.48","218,968.83","153,518.94","77,772.89","65,449.89","50,650.63",0.24,"29,210.93","88,331.34","-46,966.09","70,576.18",16.49,17.7,32.23,23.13,29.89,0.18,44.62,6.15,5.79,1.52,0.59,8.65,42.21,4.92,74.15,4.94,73.89,42.47
TURTLE,"4,439,144.25","249,426.10","1,589,549.29","4,189,717.90","276,478.45","465,868.24","-151,415.39","-189,420.26","-181,578.63",-0.17,"-120,478.00","-1,189,458.36","3,949,939.73","2,640,003.37",-8.02,-7.67,-12.27,-65.68,-68.51,0.06,22.75,20.02,14.47,1.95,0.11,9.8,37.24,3.3,110.44,2.87,127.35,20.33
TVDH,"1,972,384.89","989,949.63","855,799.07","1,004,648.04","2,146,952.41","2,621,925.79","-291,441.83","-474,687.44","-348,605.41",-0.23,"-184,671.66","-320,107.80","808,110.71","303,331.26",-45.02,-28.32,43.58,-18.44,-22.11,1.01,-31.17,1,0.65,4.3,1.28,5.12,71.36,12.31,29.65,3.83,95.19,5.82
TVT,"675,633.98","74,021.67","200,007.52","600,229.09","313,101.76","320,860.79","6,529.96","-7,759.03","-9,917.44",-0.01,"2,693.26","33,624.67","-26,212.36","10,105.58",-1.61,-1.09,25.83,-3.09,-2.48,0.12,-6.69,3.9,3.32,0.81,0.44,6.3,57.91,6.21,58.81,5.76,63.42,53.3
UBA,"806,847.78","246,167.64","300,000.00","560,680.14","664,058.01","571,866.48","95,479.45","92,191.54","68,010.44",0.15,"90,324.35","-2,919.89","217,779.67","305,184.13",16.92,13.59,19.38,10.24,13.88,0.44,12.43,4.03,3.15,51.98,0.98,47.26,7.72,2.76,132.4,7.29,50.1,90.03
UBIS,"1,220,208.00","514,010.00","285,000.00","706,198.00","1,048,379.00","1,051,039.00","12,755.00","-7,911.00","-20,113.00",-0.07,"-83,833.00","-31,217.00","330,307.00","215,257.00",-3.34,-0.72,20.92,-1.92,-0.75,0.73,-1.26,2.01,1.31,3.55,0.95,2.86,127.63,3.05,119.48,5.54,65.86,181.24
UEC,"1,438,139.79","199,262.69","142,627.65","1,238,877.11","710,801.68","725,874.47","25,637.79","-15,429.19","-14,257.40",-0.02,"-102,881.33","-4,892.59","-52,059.90","-159,833.83",-1.12,-1.09,16.77,-2.01,-2.17,0.16,-40.88,6.62,4.24,1.41,0.5,4.74,76.93,5,72.93,7.24,50.4,99.46
UKEM,"2,051,708.54","1,041,421.55","290,513.06","832,440.73","3,077,696.64","3,112,184.04","-14,176.10","-58,923.08","-71,035.37",-0.06,"155,805.44","-73,976.04","-145,858.86","-64,029.46",-7.62,-2.7,7.45,-2.4,-1.91,1.03,-4.76,1.91,0.94,16.86,1.41,5.85,62.43,3.82,95.58,9.06,40.28,117.73
UMS,"778,267.38","676,028.05","572,599.80","102,239.34","366,875.76","440,301.30","-11,186.17","-47,821.55","-71,650.02",-0.06,"38,961.00","-177,232.37","151,244.38","12,973.00",-51.9,-6.67,8.98,-19.53,-13.03,6.61,-2.01,0.17,0.11,0.9,0.51,34.16,10.68,7.39,49.41,12.11,30.15,29.94
UREKA,"1,691,847.85","363,519.35","441,384.70","1,326,245.11","298,495.11","188,022.95","129,013.72","110,472.16","72,463.34",0.05,"94,084.09","-750,199.34","600,570.65","-55,544.60",6.95,7.93,53.35,23.75,37.01,0.27,2.9,1.62,1.14,0.35,0.21,12.82,28.47,3.41,106.99,1.25,292.02,-156.56
VCOM,"1,446,118.84","808,170.53","153,502.60","585,465.32","2,042,170.31","1,866,948.94","198,852.64","173,845.61","111,909.18",0.36,"143,165.13","10,806.45","-109,443.01","44,528.58",19.52,12.73,20.12,6.71,8.51,1.27,19.06,1.38,1.23,39.54,1.5,81.57,4.47,3.59,101.81,4.55,80.2,26.08
VL,"1,882,096.41","944,269.02","538,995.23","937,827.39","729,489.33","667,368.81","178,574.69","62,120.52","23,332.05",0.02,"201,864.13","-23,134.75","-163,549.23","15,180.15",2.55,3.24,15.88,3.2,8.52,1.01,1.76,1.63,1.1,0.48,0.38,25.19,14.49,8.82,41.36,9.72,37.56,18.29
WARRIX,"1,878,872.63","438,380.05","300,000.00","1,440,492.58","1,074,622.02","906,431.96","196,554.10","168,190.06","128,489.48",0.35,"49,375.44","-256,364.81","726,101.40","519,112.03",15.9,12.81,46.27,11.96,15.65,0.3,10.24,3.7,2.47,10.37,0.82,1.44,253.29,4.43,82.35,2.47,147.94,187.71
WINMED,"848,243.42","253,322.08","200,000.00","594,921.34","721,626.34","645,228.99","117,185.35","76,397.34","60,669.82",0.15,"-74,514.16","-49,738.98","69,452.27","-54,800.87",10.4,9.53,37.23,8.41,10.59,0.43,11.11,2.8,1.6,2.65,0.9,5.63,64.8,3.68,99.06,6.17,59.18,104.68
WINNER,"1,320,561.20","734,039.08","149,993.67","586,522.12","2,040,177.61","1,982,061.28","95,004.02","57,204.48","9,403.64",0.02,"-4,934.19","-21,188.58","22,162.71","-3,960.06",1.48,4.4,21.49,0.46,2.8,1.25,9.91,1.35,0.61,5.88,1.57,3.62,100.73,5.53,66.05,6.87,53.11,113.67
XO,"1,569,634.61","331,131.03","212,803.69","1,238,503.57","1,480,371.69","1,112,502.12","415,578.13","355,816.96","340,157.68",0.8,"464,317.97","-200,585.40","-160,577.71","103,154.85",28.67,24.2,41.35,22.98,24.04,0.27,170.72,3.15,1.31,2.14,1.01,6.83,53.46,18.14,20.12,9.88,36.95,36.63
YGG,"641,769.95","46,040.22","300,998.59","595,729.72","336,899.41","208,336.16","142,604.77","124,190.67","122,129.38",0.24,"34,392.74","-95,422.93","58,538.33","-2,491.87",24.24,22.66,46.37,36.25,36.86,0.08,393.38,10.05,4.91,5.29,0.61,N/A,-,15.28,23.88,9.95,36.7,-12.82
YONG,"1,333,333.32","497,446.20","340,000.00","835,887.12","1,030,200.42","894,056.03","196,569.07","136,144.39","100,980.24",0.17,"161,939.18","-102,765.40","60,312.98","119,486.76",15.91,11.18,29.62,9.8,13.22,0.6,9.55,1.53,0.99,1.39,0.85,5.09,71.69,8.09,45.11,7.99,45.71,71.1
YUASA,"1,578,421.27","555,937.37","107,625.00","1,022,483.90","2,589,000.89","2,448,408.27","191,791.65","140,592.62","109,415.91",1.02,"142,647.05","-62,117.57","-35,270.56","45,258.92",11.15,9.23,21.72,4.23,5.43,0.54,169.59,2.52,1.8,6.3,1.7,6.66,54.8,6.78,53.84,5.19,70.38,38.25
ZIGA,"1,312,549.47","602,619.01","353,130.98","709,614.63","1,158,815.62","1,497,495.94","-283,919.46","-366,975.06","-380,881.84",-0.56,"240,111.87","-170,435.30","-161,986.39","-92,309.82",-44.67,-23.5,-0.15,-32.87,-31.67,0.85,-11.59,1.93,0.95,1.54,0.74,2.73,133.53,6.85,53.28,12.53,29.12,157.69
