,Total Asset,Total Liabilities,Paid-up Cap,Equity,Revenue,Expenses,EBITDA,EBIT,EPS,Operating Cash Flow,Investing Cash Flow,Financing Cash Flow,Net Cash Flow,Return on Equity,Return on Asset,Gross Profit Margin,Net Profit Margin,EBIT Margin,D/E,Int. Coverage,Current Ratio,Quick Ratio,Fixed Asset,Total Asset.1,Inventory Turnover,Average Sale Period,Accounts Receivable Turnover,Average Collection Period,Account Payable Turnover,Average Payment Period,Cash Cycle,result
133,513665.69,305246.43,158331.12,208419.25,717658.52,689097.96,61383.91,28560.56,0.07,80124.38,-39897.15,-44094.78,-3867.55,11.03,5.63,13.47,3.04,3.98,1.46,4.07,1.03,0.61,2.76,1.42,7.72,47.3,5.99,60.93,5.55,65.77,42.46,1
283,1003506.74,209738.32,168722.63,793768.42,801846.97,782742.98,79610.82,60070.77,0.34,33527.82,62002.38,-56334.89,39195.31,7.27,5.97,38.54,7.13,7.49,0.26,87.19,1.78,1.27,23.59,0.8,5.2,70.24,3.93,92.76,2.48,147.0,16.0,1
508,574195.95,196014.53,170000.0,379545.7,343253.23,358790.31,-1962.9,-13865.15,-0.05,15855.67,-69343.61,33017.73,-20470.21,-3.83,-2.5,38.73,-4.53,-4.04,0.52,-4.18,2.74,1.04,2.47,0.62,0.98,372.59,2.97,123.02,3.34,109.15,386.46,0
144,139474.67,68979.57,128077.7,70495.1,207307.21,184519.78,27381.46,22787.43,0.09,33338.58,-3051.87,-3960.0,26326.71,37.91,16.61,42.75,10.84,10.99,0.98,55.21,1.76,1.37,20.68,1.51,304.7,1.2,8.03,45.48,2.57,141.89,-95.21,1
139,1046357.89,289928.57,220000.0,756429.32,863248.06,779547.49,138794.56,83700.58,0.14,101028.83,-151145.77,-18030.78,-68147.72,8.44,8.41,21.61,7.31,9.7,0.38,16.69,2.38,1.03,1.83,0.87,2.94,124.1,5.11,71.4,5.1,71.63,123.87,1
294,606000.46,278848.55,202500.23,328454.56,1062558.95,971422.84,103073.7,93538.92,0.36,79930.64,-5103.13,-68009.19,6818.32,23.42,15.95,25.97,6.95,8.8,0.85,38.87,1.85,1.17,10.92,1.81,5.05,72.24,6.69,54.53,5.93,61.52,65.25,1
178,1972384.89,989949.63,855799.07,1004648.04,2146952.41,2621925.79,-291441.83,-474687.44,-0.23,-184671.66,-320107.8,808110.71,303331.26,-45.02,-28.32,43.58,-18.44,-22.11,1.01,-31.17,1.0,0.65,4.3,1.28,5.12,71.36,12.31,29.65,3.83,95.19,5.82,0
506,2409653.0,1285548.0,419423.0,1061098.0,1924858.0,1800537.0,216982.0,139336.0,0.2,109699.0,-252400.0,66727.0,-75974.0,8.37,6.18,19.85,4.75,7.24,1.14,3.77,1.0,0.5,3.1,0.85,2.93,124.62,5.46,66.86,4.75,76.8,114.68,1
402,1487602.74,993327.32,140000.0,491020.48,2040650.53,1929896.33,155560.78,110754.2,0.27,-222736.31,-186368.08,388509.49,-20594.9,23.26,8.4,8.97,3.68,5.43,2.01,7.23,0.97,0.25,4.61,1.55,25.43,14.35,10.31,35.39,6.03,60.48,-10.74,1
537,933730.39,132931.09,212382.19,800799.3,996591.86,874970.14,171219.94,124301.59,0.3,145721.92,-116963.46,-154325.5,-125567.04,15.99,12.91,35.47,12.24,12.47,0.17,66.66,2.86,2.14,1.88,1.04,7.25,50.32,12.63,28.91,3.99,91.49,-12.26,1
187,1882096.41,944269.02,538995.23,937827.39,729489.33,667368.81,178574.69,62120.52,0.02,201864.13,-23134.75,-163549.23,15180.15,2.55,3.24,15.88,3.2,8.52,1.01,1.76,1.63,1.1,0.48,0.38,25.19,14.49,8.82,41.36,9.72,37.56,18.29,1
210,1013306.68,571125.07,300000.0,442181.61,73915.47,94816.73,-13113.48,-20901.25,-0.06,-37402.43,8560.41,28280.47,-561.54,-8.1,-2.06,28.08,-50.5,-28.28,1.29,-1.27,1.49,0.03,4.7,0.07,0.06,5756.1,7.94,45.96,0.61,598.95,5203.12,0
274,1034984.79,522020.45,312000.0,511719.61,803789.78,698290.88,112618.35,105498.9,0.14,78164.65,-31940.65,-11784.65,34439.36,17.46,10.68,27.12,10.53,13.13,1.02,435.51,2.11,0.24,13.7,0.81,0.84,436.11,263.67,1.38,4.26,85.67,351.82,1
484,436895.0,225374.0,152694.0,211521.0,602139.0,563632.0,69622.0,38655.0,0.13,61447.0,-39091.0,-30600.0,-8244.0,19.71,9.42,19.51,6.34,6.42,1.07,6.05,1.03,0.58,2.58,1.47,8.89,41.04,7.47,48.89,5.49,66.44,23.5,1
170,1249514.79,258955.34,200000.0,990559.45,2448726.41,2262272.68,237218.9,186453.73,0.19,112274.01,-116215.39,-71815.02,-75756.4,15.68,15.29,17.15,6.09,7.61,0.26,82.03,2.42,0.45,3.23,2.01,6.12,59.67,126.06,2.9,11.71,31.17,31.39,1
396,1656571.56,1012192.19,200000.0,587258.24,732999.09,617823.3,124070.34,116179.57,0.23,-158088.21,-286688.2,427920.26,-16856.15,15.92,8.94,25.43,11.02,15.85,1.57,15.42,1.59,0.54,2.68,0.56,1.15,318.4,3.24,112.55,2.01,181.4,249.55,1
367,1244375.3,217692.78,212382.19,1026682.53,1275104.71,942733.06,391682.29,332709.12,0.75,413225.89,-219669.06,-121661.29,71895.54,34.85,30.55,40.59,24.98,26.09,0.21,155.44,3.64,1.28,2.47,1.17,8.11,45.03,14.06,25.96,5.65,64.66,6.33,1
208,3514563.83,1383946.35,258958.39,2130614.76,1815571.05,1589530.23,533913.9,237018.79,0.33,436776.43,67524.62,-373784.56,130516.5,8.11,6.86,20.01,9.38,13.05,0.65,5.09,0.7,0.6,0.59,0.53,23.87,15.29,13.86,26.34,13.52,27.0,14.62,1
287,757689.16,480857.86,113538.06,254719.7,924731.53,932906.32,28624.4,-6338.41,-0.06,35552.06,-2114.29,-23733.14,9704.63,-9.67,-0.81,19.5,-2.62,-0.69,1.74,-0.49,0.86,0.72,6.09,1.18,187.87,1.94,3.43,106.47,4.35,83.91,24.5,0
134,557127.48,157331.75,327594.26,396171.18,611698.39,557252.97,89049.94,81104.12,0.1,73053.35,-5823.38,-27512.72,39717.26,18.36,15.52,27.72,11.2,13.26,0.39,43.67,2.52,1.83,8.53,1.17,6.24,58.53,6.18,59.03,4.65,78.46,39.1,1
243,1951038.61,1067797.02,280000.0,878689.97,1462838.42,1384269.93,130318.04,78513.15,0.09,224508.64,3746.18,-257134.06,-28879.24,6.14,3.79,14.5,3.46,5.37,1.21,1.85,1.3,0.69,1.52,0.71,9.45,38.62,2.58,141.27,5.31,68.7,111.19,1
175,2825951.97,1839134.81,308008.27,1016075.34,1719573.79,1779667.29,16052.08,-61257.56,-0.3,-27360.71,-111460.14,145657.83,6836.98,-8.52,-2.17,11.25,-5.52,-3.56,1.86,-1.37,1.26,0.58,1.91,0.61,1.88,194.45,2.91,125.28,5.95,61.33,258.41,0
380,2326388.9,643098.32,1308072.98,1683290.58,1997193.37,2145578.68,-61777.31,-148385.3,-0.03,-227698.1,-57652.53,289851.94,4501.31,-8.88,-6.9,-3.31,-7.84,-7.43,0.38,-40.04,1.2,0.69,1.34,0.93,7.62,47.91,8.49,43.01,8.82,41.37,49.54,0
182,1438139.79,199262.69,142627.65,1238877.11,710801.68,725874.47,25637.79,-15429.19,-0.02,-102881.33,-4892.59,-52059.9,-159833.83,-1.12,-1.09,16.77,-2.01,-2.17,0.16,-40.88,6.62,4.24,1.41,0.5,4.74,76.93,5.0,72.93,7.24,50.4,99.46,0
397,1113222.45,421250.79,220000.0,691971.66,913337.87,830863.84,99960.38,57222.34,0.08,102132.97,-108448.04,8724.64,2409.58,5.21,5.21,21.66,3.94,6.27,0.61,6.48,0.97,0.65,1.48,0.83,6.92,52.78,4.19,87.09,3.89,93.78,46.1,1
344,461886.47,254882.21,167860.22,195320.36,449489.68,429137.66,39907.51,20352.02,0.02,40664.53,-26887.6,-11523.64,2253.29,7.67,4.59,34.37,3.13,4.53,1.23,2.32,1.04,0.62,3.05,1.01,3.32,109.89,3.69,98.94,4.9,74.55,134.28,1
103,5252321.98,3124581.66,1053386.75,2188341.27,3168433.4,3079036.31,502527.48,89397.09,0.02,457894.85,-304385.85,-155258.17,-1749.17,1.11,1.76,60.01,0.12,2.82,1.47,0.79,0.35,0.2,1.83,0.62,6.48,56.36,27.06,13.49,2.82,129.53,-59.68,1
448,573759.4,89014.26,215000.0,484745.14,437972.81,404051.69,50335.03,33921.12,0.06,44299.95,-147337.48,129574.99,26537.46,5.6,6.68,35.43,5.34,7.75,0.18,10.45,9.66,4.46,2.87,0.86,1.62,225.5,4.58,79.65,11.03,33.09,272.07,1
196,2204939.0,449331.0,449999.0,1757483.0,5625921.0,5113167.0,538653.0,491971.0,0.91,306209.0,-166409.0,-138785.0,1015.0,26.15,24.78,13.16,7.29,8.74,0.26,61.83,3.66,1.0,9.67,2.83,6.03,60.51,17.94,20.34,54.76,6.66,74.19,1
392,1200226.66,161634.53,81562.36,1038592.14,1205251.39,911889.96,365411.49,293361.43,0.29,337003.95,-160460.83,-155101.08,21442.03,23.76,25.54,64.68,19.67,24.34,0.16,1327.07,4.4,4.03,2.19,1.05,11.68,31.25,91.56,3.99,5.44,67.13,-31.89,1
461,812538.21,502961.91,113538.06,284709.82,1281696.82,1288642.27,45292.79,21317.18,0.02,10047.79,-7834.67,6040.65,8253.78,3.96,2.75,20.2,0.91,1.66,1.62,1.68,0.84,0.75,5.11,1.65,296.88,1.23,4.8,76.05,6.23,58.61,18.67,1
90,915178.53,361163.03,215000.0,554015.5,561832.34,481618.51,101949.47,80213.83,0.14,14586.19,-133880.63,115225.65,-4068.79,11.55,9.99,39.14,11.0,14.28,0.65,18.02,2.61,1.15,1.49,0.7,1.63,223.47,3.64,100.34,5.13,71.21,252.6,1
276,516073.76,281153.3,150000.0,234920.45,427048.59,431646.31,52411.86,-4597.72,-0.03,31411.59,9480.1,-19273.35,21618.34,-7.2,-1.07,11.48,-4.12,-1.08,1.2,-0.29,1.96,1.5,3.27,1.0,17.89,20.4,34.73,10.51,6.35,57.45,-26.54,0
496,728700.72,349727.86,200000.0,378972.86,3609913.89,3515165.47,120059.23,94748.42,0.19,74044.09,-58405.9,-24007.33,-8369.14,21.39,14.24,11.23,2.1,2.62,0.92,111.77,1.9,0.66,73.89,5.43,9.22,39.59,61.95,5.89,11.1,32.88,12.6,1
373,1684551.09,826137.43,235000.0,858413.66,1243841.99,1078689.97,181444.42,105044.8,0.25,122695.33,-187929.79,59626.25,-5608.21,6.9,6.79,16.19,4.63,8.45,0.96,5.22,0.98,0.72,1.57,0.8,8.53,42.77,5.54,65.94,6.26,58.33,50.38,1
145,746644.0,141729.0,520783.0,604915.0,572287.0,521126.0,96919.0,51161.0,0.04,84648.0,-81127.0,-48086.0,-44565.0,6.43,6.97,18.52,6.81,8.94,0.23,26.54,2.83,1.91,1.28,0.78,12.41,29.41,5.49,66.46,6.07,60.14,35.73,1
305,516697.71,69548.04,98568.49,447330.26,424553.87,392404.14,60322.74,32149.73,0.32,77506.64,-52016.96,-40028.51,-14538.83,7.04,6.07,25.18,7.45,7.57,0.16,42.74,8.59,3.49,2.32,0.8,34.43,10.6,4.12,88.69,7.19,50.77,48.52,1
322,9368579.77,7093794.93,308133.29,2251101.99,3550168.06,3337395.67,382529.56,264441.14,0.27,-130626.17,-1326620.79,1345667.66,-111579.31,8.06,3.74,16.22,4.44,7.45,3.12,3.02,0.55,0.25,3.51,0.5,8.46,43.17,2.91,125.51,1.6,228.48,-59.81,1
251,3117272.94,157556.32,5065171.46,2959751.35,53052.49,140410.92,-61019.09,-87260.6,-0.01,303198.21,-1108647.1,513040.0,-292408.9,-3.09,-3.02,51.25,-160.22,-164.48,0.05,-66.76,9.33,4.87,0.11,0.02,0.05,8005.83,0.07,4890.75,0.22,1656.79,11239.79,0
383,7631619.86,5651597.95,560000.0,1980004.79,2918216.96,2161675.09,744980.42,695907.86,0.98,354197.22,-602902.97,351669.75,102964.0,36.41,10.2,33.9,17.17,23.85,2.85,11.44,1.3,0.18,35.87,0.43,0.39,944.72,17.41,20.96,3.52,103.67,862.01,1
247,736903.26,423151.8,282571.48,307727.55,561427.43,566578.66,33991.46,-5151.23,-0.16,99976.84,-48236.25,13978.53,65719.11,-26.43,-0.68,26.18,-17.23,-0.92,1.35,-0.56,1.16,0.68,1.95,0.74,2.68,135.97,3.0,121.8,2.37,153.92,103.85,0
252,1657457.57,339829.4,292250.0,1317021.91,1169426.48,1043891.95,160532.62,125534.52,0.17,184440.23,100095.92,-105248.2,179287.95,7.65,7.72,30.64,8.63,10.73,0.26,1384.67,4.37,2.92,14.6,0.72,2.84,128.53,4.06,89.81,4.42,82.67,135.67,1
232,1169626.38,395954.2,588964.62,772687.93,995119.31,936153.52,128327.13,58965.79,0.09,211441.65,-34192.86,-170927.61,6321.19,7.35,4.85,21.64,5.59,5.93,0.51,7.28,1.25,0.67,1.43,0.82,3.42,106.75,4.42,82.58,5.2,70.13,119.21,1
416,1574612.89,336349.96,205000.0,1219355.05,797499.61,709709.28,142262.42,87790.33,0.21,-42766.43,63943.67,-75557.6,-54380.36,7.21,5.89,51.89,9.22,11.01,0.27,9.19,1.52,1.09,1.49,0.54,5.46,66.82,5.2,70.16,2.25,162.21,-25.23,1
476,649691.21,482536.48,10114938.16,167154.73,392015.54,480653.75,-82939.43,-88638.21,-0.01,-3279.9,6164.26,-328.23,2556.13,-54.45,-13.64,3.61,-23.22,-22.61,2.89,-36.17,0.3,0.27,4.7,0.6,689.09,0.53,4.91,74.33,1.46,249.74,-174.87,0
44,1188008.54,831970.11,250000.0,342360.56,1254857.36,1253124.56,47716.78,2103.61,-0.03,-6015.74,-6119.14,-2471.8,-14606.68,-4.4,0.19,3.79,-1.13,0.17,2.34,0.12,0.99,0.65,3.89,1.12,43.2,8.45,3.24,112.65,5.21,70.02,51.08,0
167,3516029.0,829279.0,199500.0,2686750.0,3555203.29,3355484.64,454433.62,199718.65,4.41,485401.29,-298880.42,-102207.19,84313.68,6.73,5.93,14.93,4.95,5.62,0.31,180.37,2.27,1.86,1.86,1.06,11.28,32.36,5.77,63.22,5.18,70.5,25.08,1
395,590319.0,144342.0,181760.0,445977.0,586425.0,629685.0,-12617.0,-42188.0,-0.12,-20218.0,31001.0,-18638.0,-7855.0,-9.0,-7.04,48.78,-7.17,-7.19,0.32,-25.74,2.99,0.65,3.07,0.98,1.44,252.78,23.55,15.5,5.19,70.31,197.98,0
430,95135.45,92617.73,977753.68,2504.59,147668.93,202575.29,-30079.45,-44156.29,-0.05,-5994.51,27089.21,-2895.51,18199.19,-179.88,-36.69,17.11,-30.32,-29.9,36.79,-71.2,0.78,0.37,2.83,1.23,2.4,151.9,55.82,6.54,1.51,241.38,-82.93,0
332,678950.69,528823.92,1316252.59,166023.95,473767.58,509111.93,-20237.77,-38004.57,-0.02,25914.9,357353.83,-611943.28,-228674.55,-95.67,-2.55,14.95,-67.14,-8.02,3.52,-0.9,0.53,0.31,1.44,0.32,2.16,169.11,4.05,90.19,1.43,255.67,3.63,0
457,1009934.8,230666.73,168639.63,779268.07,804846.74,810862.52,110205.09,96498.17,0.52,-12808.06,71290.87,-47991.09,10491.72,11.66,9.83,42.55,10.98,11.99,0.3,264.43,1.77,1.33,24.29,0.82,5.11,71.4,3.72,98.19,2.29,159.69,9.9,1
74,1037573.49,505480.79,278850.12,552792.12,1322578.62,1233591.99,104856.6,88986.63,0.1,118921.82,-89746.43,-61296.83,-32121.44,11.01,9.66,14.93,3.76,6.73,0.95,3.3,1.66,0.9,32.42,1.44,19.62,18.6,4.47,81.6,9.16,39.84,60.36,1
136,811871.44,199828.85,51370.5,612042.59,897197.19,836696.79,80817.22,68532.87,0.54,25609.22,-7778.7,-22567.16,-4736.65,9.29,8.86,16.23,6.14,7.64,0.33,83.06,4.26,4.06,27.48,1.16,30.55,11.95,4.22,86.49,5.85,62.35,36.09,1
303,288164.64,125408.97,10948438.16,162755.67,113622.93,135887.39,-16749.22,-22264.47,0.0,-52928.16,2803.49,24397.84,-25726.84,-13.74,-4.75,14.03,-19.95,-19.6,0.77,-54.78,0.77,0.35,2.22,0.24,249.83,1.46,1.61,226.64,0.43,849.12,-621.03,0
385,3397041.08,1328974.3,258958.39,2068064.64,1909332.78,1636638.37,539418.72,269764.73,0.35,465084.04,-115004.8,-508125.47,-158046.23,8.76,7.64,21.59,9.45,14.13,0.64,4.31,0.51,0.39,0.61,0.54,21.83,16.72,13.32,27.41,11.73,31.12,13.01,1
11,4464932.95,1585707.24,258958.39,2800647.16,3238312.13,2728747.08,871175.59,538674.42,0.89,812932.0,-90008.9,-427609.05,295314.05,17.94,12.55,21.89,14.38,16.63,0.55,11.02,1.05,0.92,0.9,0.75,29.89,12.21,13.6,26.83,15.51,23.53,15.51,1
389,1566303.83,378612.04,254910.39,1204958.93,1467228.54,1244759.75,260378.7,222440.9,0.81,137353.87,-50834.15,-102179.83,-15660.1,17.76,14.63,25.64,12.77,15.16,0.32,28.39,3.19,1.39,3.15,0.97,2.23,163.96,3.71,98.5,8.83,41.33,221.13,1
478,542451.14,85954.12,98568.49,456463.33,480575.76,425436.23,81892.27,55139.53,0.52,30388.0,502.21,-31780.93,-890.72,11.38,10.73,26.06,10.58,11.47,0.19,92.7,5.94,4.13,2.58,0.94,50.17,7.27,5.53,66.05,8.46,43.14,30.19,1
188,1878872.63,438380.05,300000.0,1440492.58,1074622.02,906431.96,196554.1,168190.06,0.35,49375.44,-256364.81,726101.4,519112.03,15.9,12.81,46.27,11.96,15.65,0.3,10.24,3.7,2.47,10.37,0.82,1.44,253.29,4.43,82.35,2.47,147.94,187.71,1
180,806847.78,246167.64,300000.0,560680.14,664058.01,571866.48,95479.45,92191.54,0.15,90324.35,-2919.89,217779.67,305184.13,16.92,13.59,19.38,10.24,13.88,0.44,12.43,4.03,3.15,51.98,0.98,47.26,7.72,2.76,132.4,7.29,50.1,90.03,1
212,1645655.56,437524.91,254910.39,1235900.52,1308710.16,1088303.85,263177.8,220406.3,0.66,192440.17,-100522.84,-112173.17,-20255.84,13.85,13.72,28.42,12.11,16.84,0.36,27.93,3.39,1.12,2.62,0.81,1.55,235.37,3.66,99.81,10.21,35.73,299.45,1
223,1831886.06,1267507.33,213050.62,564404.6,736085.92,739695.88,-267.68,-34724.43,-0.04,181158.96,-92858.28,-63126.49,25174.18,-14.47,-1.86,24.41,-11.97,-4.72,2.25,-1.13,1.15,0.19,4.51,0.39,0.67,545.8,6.49,56.22,3.0,121.84,480.18,0
15,269338.01,43831.23,116500.0,225506.78,226544.96,212206.13,22752.5,14338.83,0.03,33492.86,-32873.13,-427.98,191.75,5.52,5.44,26.35,5.34,6.33,0.19,-19.79,5.23,3.03,4.87,0.86,2666.86,0.14,3.58,102.08,5.91,61.76,40.46,1
300,589628.96,309644.0,214963.79,280896.98,409657.06,412818.36,8767.42,-11371.4,-0.03,21712.11,-213399.57,186482.09,-5205.36,-8.8,-2.23,21.93,-7.06,-2.78,1.11,-0.71,5.25,2.34,11.91,0.8,98.72,3.7,3.22,113.2,8.3,43.99,72.91,0
128,523815.83,80636.44,98568.49,437763.11,457673.92,433463.25,42799.77,20099.41,0.18,40761.96,-32657.05,-13741.26,-5636.34,4.1,3.9,29.21,3.93,4.39,0.18,27.59,3.72,2.5,2.75,0.89,35.28,10.35,5.09,71.78,7.84,46.57,35.55,1
101,2002199.96,127188.97,358837.42,1854592.23,140214.09,119284.96,29499.56,18429.22,0.0,-69083.04,-10130.32,758867.92,679654.57,0.84,1.02,26.46,8.56,13.14,0.07,4.13,6.49,6.41,1.46,0.08,13.45,27.13,1.86,195.72,0.67,545.32,-322.47,1
47,525072.02,79006.28,1219061.78,446065.74,212420.55,328570.81,-133987.26,-139053.52,-0.06,-124445.77,-129553.95,93546.07,-160453.66,-39.13,-30.28,28.51,-66.83,-65.46,0.18,-47.96,1.97,1.55,2.34,0.46,4.01,90.95,2.35,155.34,2.63,138.68,107.61,0
340,752450.31,139788.42,230000.0,612233.89,899980.92,840217.14,75550.51,57902.59,0.1,225228.4,-101308.97,-94843.43,29076.01,7.2,7.19,12.13,5.05,6.43,0.23,98.58,3.88,1.33,10.53,1.12,269.5,1.35,4.56,79.99,8.14,44.83,36.51,1
198,2018347.66,1078479.15,235000.0,939868.52,2090656.74,1909745.12,220316.99,125430.8,0.34,199126.55,-118689.86,-83544.9,-3108.2,8.99,6.77,10.96,3.87,6.0,1.15,6.18,0.97,0.76,2.5,1.13,15.11,24.15,5.24,69.65,6.85,53.25,40.55,1
510,1151811.55,392303.98,329999.26,759507.57,1294215.27,994138.17,307878.77,300077.1,0.36,129237.36,-64033.64,-141768.23,-76564.52,35.76,20.65,46.33,18.11,23.19,0.52,143.02,1.52,0.47,23.09,0.89,1.31,278.85,4173.02,0.09,46.22,7.9,271.04,1
315,1618548.0,1096932.0,164999.0,521614.0,1257885.0,1119271.0,197955.0,141058.0,0.27,207911.0,-11505.0,-161731.0,34675.0,18.72,8.78,25.46,7.1,11.21,2.1,4.57,1.91,1.12,3.83,0.78,3.0,121.56,4.4,82.87,3.68,99.06,105.37,1
237,828982.71,346414.78,420000.0,482567.93,92699.15,69373.09,24911.85,23326.06,0.02,40302.47,-3470.6,65643.86,102475.73,3.58,2.99,53.63,16.11,25.16,0.72,3.47,0.86,0.41,7.07,0.12,0.29,1262.78,3338.8,0.11,17.74,20.57,1242.32,1
447,481888.76,284792.1,120000.0,197096.66,712527.22,670343.02,63226.57,42184.2,0.06,88955.6,-13779.34,-64179.55,10996.71,16.95,8.97,29.58,4.35,5.92,1.44,4.18,1.27,0.52,13.06,1.52,2.61,139.89,6.73,54.27,7.08,51.55,142.6,1
293,721040.15,104463.72,135000.0,616576.43,629465.38,508339.12,178017.48,121126.27,0.36,157208.11,-70045.23,-53314.09,33848.78,16.46,17.41,27.83,15.61,19.24,0.17,433.88,4.85,4.13,2.14,0.9,7.58,48.14,6.45,56.59,6.72,54.3,50.44,1
443,641164.02,316122.17,278000.0,325041.85,867666.79,900112.16,-9070.22,-26185.1,-0.11,120297.36,-43014.66,-37961.48,39321.22,-8.98,-3.8,10.43,-3.58,-3.02,0.97,-5.37,1.37,0.65,4.13,1.26,3.1,117.71,5.18,70.43,9.2,39.69,148.45,0
233,517258.84,73511.69,67000.0,419925.18,166563.35,163292.65,13529.65,3270.7,-0.05,-4173.81,221012.58,-24561.31,192277.47,-1.47,0.62,51.63,-0.34,1.96,0.17,7.63,10.34,7.16,39.19,0.32,22.46,16.25,5.99,60.94,1.99,183.77,-106.57,0
110,979359.07,142220.7,559999.99,787914.26,634893.57,773396.36,-87937.65,-138502.79,-0.21,90810.82,-171221.52,-12423.16,-92833.85,-13.74,-13.97,17.32,-18.23,-21.82,0.17,-171.11,5.03,4.13,7.91,0.64,113.73,3.21,6.09,59.9,7.86,46.45,16.66,0
299,1467323.87,634247.06,211000.05,847132.76,1496696.63,1514556.02,56359.91,-6374.56,-0.02,157112.93,-40720.28,-93226.49,23166.16,-0.98,-0.42,10.98,-1.63,-0.43,0.76,-0.43,1.39,0.65,3.17,0.98,2.66,137.45,4.67,78.18,12.29,29.71,185.93,0
194,1578421.27,555937.37,107625.0,1022483.9,2589000.89,2448408.27,191791.65,140592.62,1.02,142647.05,-62117.57,-35270.56,45258.92,11.15,9.23,21.72,4.23,5.43,0.54,169.59,2.52,1.8,6.3,1.7,6.66,54.8,6.78,53.84,5.19,70.38,38.25,1
267,627622.19,327288.48,278000.0,300333.71,611200.67,639493.8,2591.42,-19472.24,-0.09,38940.73,-53977.05,-1015.69,-16052.0,-7.54,-3.07,13.06,-3.86,-3.19,1.09,-4.73,1.14,0.47,2.65,0.96,2.77,131.9,4.85,75.2,7.92,46.06,161.03,0
177,4439144.25,249426.1,1589549.29,4189717.9,276478.45,465868.24,-151415.39,-189420.26,-0.17,-120478.0,-1189458.36,3949939.73,2640003.37,-8.02,-7.67,-12.27,-65.68,-68.51,0.06,22.75,20.02,14.47,1.95,0.11,9.8,37.24,3.3,110.44,2.87,127.35,20.33,0
2,1276244.68,702685.51,200000.0,591341.46,2715690.8,2648817.29,90465.13,66842.71,0.11,-104256.72,-60251.84,169376.19,4867.63,7.44,5.79,13.88,1.29,2.46,1.23,3.35,1.2,0.68,5.67,2.35,8.78,41.56,9.06,40.29,45.28,8.06,73.79,1
113,638818.65,285253.81,202500.23,354867.48,1003336.0,931595.83,79678.36,71472.9,0.27,27419.14,-16039.6,-16495.15,-5115.61,15.34,11.21,25.76,5.39,7.12,0.81,25.35,1.88,0.85,10.48,1.57,3.18,114.86,6.05,60.37,5.09,71.68,103.56,1
468,567147.0,266159.0,202500.0,302291.0,916700.0,861180.0,71802.0,58736.0,0.2,128618.0,7111.0,-107216.0,28513.0,14.37,9.63,25.88,4.52,6.41,0.88,11.37,1.82,1.04,8.54,1.5,3.63,100.42,6.05,60.33,4.92,74.19,86.56,1
85,1125520.63,549185.93,58000.0,576334.7,1026068.12,853885.49,220758.47,171889.96,1.46,133329.94,-40071.53,255497.49,348755.9,33.71,18.61,28.62,12.83,16.75,0.95,16.74,1.57,1.43,2.22,1.11,12.26,29.76,4.84,75.47,4.26,85.75,19.48,1
407,1021746.14,528610.67,432393.39,493135.47,1555747.35,1730581.88,-137760.29,-195938.4,-0.23,-157773.38,110244.99,36866.61,-10661.78,-32.95,-17.79,4.19,-12.76,-12.59,1.07,-10.25,1.01,0.46,3.67,1.41,9.26,39.42,7.41,49.27,5.26,69.44,19.25,0
150,2699644.0,1871984.0,338350.0,804675.0,1337171.0,1379445.0,45415.0,-35758.0,-0.08,-160955.0,-227634.0,393129.0,4540.0,-6.7,-1.4,14.9,-4.83,-2.67,2.26,-1.62,1.05,0.54,1.09,0.52,15.05,24.26,4.17,87.5,3.68,99.26,12.49,0
436,525877.69,60134.88,103000.0,455709.2,375883.6,314115.13,63610.74,61543.55,0.28,5034.33,-2045.36,307208.29,310197.26,15.63,17.14,57.61,12.54,16.37,0.13,104.42,8.98,8.08,36.84,1.05,3.02,120.98,3.8,96.17,3.06,119.12,98.02,1
118,1989476.24,1051010.36,211000.05,938880.8,1977232.49,1912476.49,96090.59,37398.92,0.02,-32174.7,-64868.11,99376.15,2333.34,0.79,1.94,9.5,0.37,1.89,1.12,1.42,1.26,0.49,4.29,1.03,2.96,123.44,4.59,79.55,32.51,11.23,191.77,1
172,383066.48,58325.88,135000.0,324740.6,566141.95,529579.29,48663.09,36562.67,0.11,31404.33,-13207.43,-27283.62,-9086.72,9.17,9.57,16.59,5.23,6.46,0.18,809.63,4.36,2.73,2.83,1.48,8.19,44.54,8.76,41.66,12.37,29.52,56.69,1
411,537964.03,71436.99,67000.0,438805.0,205261.23,189465.86,23769.4,15795.36,0.02,32468.01,-148316.3,-17799.47,-133647.75,0.52,2.99,54.28,5.57,7.7,0.15,2430.06,8.76,8.56,39.96,0.39,37.16,9.82,8.11,44.99,2.4,152.06,-97.25,1
400,1902070.6,1249616.76,213050.62,652455.63,854038.7,823868.96,54114.78,40698.25,0.01,-72233.49,-352852.24,272460.95,-152624.77,3.81,2.39,26.4,2.92,4.77,1.92,4.29,1.25,0.19,21.77,0.5,0.82,445.18,6.4,57.05,3.27,111.48,390.75,1
353,615623.74,235928.61,140000.0,377039.4,737948.27,668194.14,79911.44,69754.13,0.19,36805.82,-21580.58,-90648.78,-75423.54,14.25,11.19,29.45,7.3,9.45,0.62,69.12,2.12,1.72,5.07,1.18,11.17,32.68,4.73,77.15,3.43,106.27,3.56,1
120,1192420.2,695770.85,186999.85,474963.51,958696.32,903039.33,148234.15,55407.12,0.06,88368.96,-120858.68,-1266.58,-33756.29,5.23,4.8,39.57,2.92,5.78,1.4,2.96,1.07,0.58,2.1,0.83,2.56,142.85,5.4,67.57,4.36,83.77,126.65,1
334,1131958.52,466468.37,159365.45,651293.52,1301404.57,1191890.12,148874.78,109514.45,0.22,168649.49,-24866.63,-139583.98,4198.88,10.07,9.01,40.32,5.43,8.42,0.7,16.33,1.81,1.24,3.87,1.07,3.36,108.76,3.48,104.85,2.66,137.47,76.14,1
84,999742.59,376374.52,1124417.3,628413.46,157883.32,235098.68,-37892.78,-77215.36,-0.05,173369.04,305810.73,63614.24,542794.02,-9.36,-7.92,11.39,-45.6,-48.91,0.6,-165.85,2.4,1.57,2.1,0.16,17.98,20.3,2.81,129.75,3.45,105.72,44.33,0
31,1902869.92,858176.15,378000.0,1044262.33,2259809.54,2204196.03,137638.72,55613.51,0.05,-70.97,-20774.47,66648.4,45802.97,3.37,3.13,6.96,1.53,2.46,0.82,3.26,1.58,0.54,3.83,1.27,9.29,39.28,8.18,44.64,9.78,37.33,46.59,1
45,1132486.63,595230.19,150968.92,537247.77,829339.39,745470.64,121107.31,83868.76,0.19,103593.48,-12890.23,-69547.81,21155.44,11.63,7.49,32.75,6.93,10.11,1.11,5.5,1.5,0.79,1.31,0.74,3.59,101.65,6.84,53.4,5.58,65.41,89.63,1
173,890079.11,435899.42,167999.94,454228.77,986856.99,892874.03,108446.14,93982.96,0.22,-152984.09,-1752.81,52526.58,-102210.32,17.65,11.29,26.35,7.48,9.52,0.96,68.76,1.74,1.09,6.03,1.19,7.23,50.48,4.61,79.1,3.64,100.21,29.37,1
149,1052946.57,503099.49,200000.0,549847.08,5615764.99,5449320.31,261749.16,166444.69,0.32,148918.92,-67943.55,-130141.01,-49165.64,24.3,18.05,10.62,2.25,2.96,0.91,19.66,1.8,0.29,25.12,6.09,10.72,34.06,76.56,4.77,22.1,16.52,22.3,1
220,1292175.42,579620.84,220000.06,712264.23,998823.88,940336.35,120383.34,71364.21,0.13,140440.27,-163465.52,36533.92,13508.67,8.0,5.93,18.33,5.62,7.14,0.81,8.2,0.88,0.48,1.46,0.83,6.34,57.58,5.15,70.94,3.9,93.5,35.02,1
241,3544724.32,2304942.65,239871.89,1232500.94,1408895.84,1291199.47,222412.64,178366.05,0.04,153583.3,-4488.39,-46011.71,103083.2,3.09,5.0,22.19,2.25,12.66,1.86,1.34,1.22,0.32,2.81,0.39,0.78,465.82,4.15,87.85,3.82,95.53,458.14,1
219,2032651.95,1458145.95,200000.0,532157.45,765129.3,678618.18,90546.82,70034.06,0.11,193324.43,16483.74,-105538.69,104269.49,7.93,3.8,17.67,3.86,9.15,2.54,3.12,1.35,0.33,1.93,0.41,0.65,562.94,3.86,94.49,0.93,394.12,263.31,1
83,615977.84,185331.45,170000.0,430644.76,361751.68,373502.07,12852.03,-11193.01,-0.02,55118.42,-75366.05,1373.36,-18874.27,-3.04,-1.79,24.21,-3.67,-3.09,0.43,-3.32,0.78,0.06,2.06,0.58,2.11,172.89,19.15,19.06,7.55,48.37,143.58,0
490,1704734.0,1086104.0,525513.0,480422.0,2030129.0,1829338.0,182580.0,134539.0,0.13,-143702.0,-372876.0,471485.0,-45093.0,14.78,8.66,22.7,4.98,6.63,1.76,5.15,0.97,0.31,14.58,1.31,13.03,28.01,6.67,54.75,6.04,60.48,22.28,1
330,571452.09,193732.97,284000.0,377719.12,420803.08,398262.01,53248.84,22541.07,0.03,26615.72,-19840.95,-22877.98,-16103.2,3.65,3.86,27.87,3.49,5.36,0.51,6.07,1.03,0.76,1.09,0.72,7.56,48.31,3.4,107.39,3.61,101.18,54.52,1
526,1449495.84,706485.82,325191.46,608717.84,4280549.54,4230281.7,214340.41,40073.96,0.02,298727.49,-168954.87,-156947.42,-27174.8,2.18,2.76,39.39,0.67,0.94,0.95,11.4,1.06,0.71,10.92,2.95,9.66,37.78,23.61,15.46,4.9,74.54,-21.3,1
377,1253647.89,672239.65,300000.0,581408.24,1370503.29,1358546.59,62224.79,17514.81,0.01,111339.37,-51800.71,-40707.02,18831.64,0.56,1.4,13.44,0.24,1.28,1.16,1.25,1.28,0.8,2.54,1.09,4.17,87.55,3.61,101.24,4.91,74.28,114.51,1
323,62519.45,80864.36,70657.17,-18344.91,102553.64,128294.01,-23949.29,-25740.37,-0.19,-19351.58,-477.18,34128.57,14299.82,0.0,-65.07,36.77,-25.45,-25.1,0.0,-60.54,0.67,0.41,501.39,2.59,48.3,7.56,10.14,36.01,1.53,238.3,-194.73,0
493,612592.0,120237.0,460000.0,492355.0,466821.0,424030.0,87973.0,42791.0,0.1,69238.0,-15040.0,-54688.0,-490.0,9.39,6.93,18.88,9.48,9.17,0.24,10.15,0.91,0.7,0.91,0.76,19.78,18.45,7.11,51.33,6.13,59.55,10.24,1
538,1250495.24,478952.2,107625.0,771543.04,2257785.86,2085477.76,223330.85,175868.53,1.29,196626.22,-101253.83,-34680.52,60691.87,19.23,14.2,25.15,6.15,7.79,0.62,458.72,2.13,1.48,5.67,1.82,5.88,62.11,6.73,54.24,4.06,89.82,26.52,1
153,1219164.48,152443.45,3697251.39,1074131.21,360088.92,452158.43,-75908.72,-92069.51,0.0,-105857.21,-487953.76,404438.13,-189372.85,-12.58,-8.89,10.98,-28.97,-25.57,0.14,-11.13,9.09,3.36,0.82,0.35,3.75,97.28,3.73,97.92,6.32,57.72,137.48,0
176,372524.19,57837.51,105000.0,314686.48,218968.83,153518.94,77772.89,65449.89,0.24,29210.93,88331.34,-46966.09,70576.18,16.49,17.7,32.23,23.13,29.89,0.18,44.62,6.15,5.79,1.52,0.59,8.65,42.21,4.92,74.15,4.94,73.89,42.47,1
414,1076295.39,687252.56,100000.0,389038.33,781475.56,777355.0,41223.81,4120.56,-0.08,23561.4,-144691.14,106670.23,-14459.51,-3.93,0.41,28.38,-1.99,0.53,1.77,0.25,0.73,0.27,1.34,0.77,3.11,117.2,7.53,48.44,4.63,78.86,86.78,0
326,2632108.92,1726896.88,213749.98,905207.45,435624.69,625298.45,16708.4,-189673.76,-0.25,32748.67,-131581.85,160798.86,61965.68,-20.53,-9.14,-18.68,-48.0,-43.54,1.91,-8.82,0.64,0.4,0.4,0.21,12.63,28.89,12.47,29.26,7.17,50.93,7.22,0
268,614716.82,161774.57,170000.0,452937.71,400560.29,391986.22,34414.85,8468.17,0.01,-10573.16,-6089.94,17127.94,464.84,1.13,1.44,19.23,1.27,2.11,0.36,2.63,1.43,0.63,2.24,0.68,3.37,108.35,9.17,39.81,12.28,29.73,118.44,1
273,614534.34,115554.34,215000.0,498980.0,441911.02,378431.05,84357.38,63479.97,0.11,61651.9,-29538.39,-41670.59,-9557.08,9.49,10.68,42.43,10.57,14.36,0.23,14.71,6.46,2.61,2.64,0.74,1.55,236.19,4.4,82.91,11.18,32.66,286.45,1
106,1108197.19,258913.05,346891.51,847633.04,844915.11,860622.51,22769.11,-25296.9,-0.07,8277.61,-13898.52,-29219.52,-34840.42,-2.78,-2.17,13.02,-2.93,-2.99,0.3,-5.96,1.79,1.02,1.54,0.72,4.88,74.74,7.44,49.08,9.55,38.24,85.58,0
459,4210286.63,1514416.08,1054903.75,2700598.04,3059774.52,3046673.48,221261.93,13101.03,-0.02,168428.95,-155004.96,-76673.42,-63249.44,-0.69,0.31,58.84,-0.83,0.43,0.56,0.35,0.85,0.51,5.35,0.72,6.79,53.77,25.43,14.35,3.12,116.96,-48.84,0
264,1052836.34,1011353.11,203215.24,41483.23,701368.49,815228.45,70564.46,-113859.97,-0.2,119402.91,-5031.5,-129127.25,-14755.83,-231.29,-13.0,57.75,-20.25,-16.23,24.38,-3.92,0.18,0.06,1.57,0.8,6.74,54.19,16.86,21.65,1.32,275.8,-199.96,0
157,3179364.38,1587287.71,400000.12,1037458.7,3930467.06,3583054.97,443678.69,342178.59,0.16,315182.59,-220672.69,-444977.19,-350467.29,13.02,11.6,11.18,6.59,8.71,1.0,22.73,1.11,0.51,5.71,1.33,44.99,8.11,7.76,47.06,7.36,49.61,5.56,1
472,893864.33,481826.33,250000.0,412038.0,849208.76,829907.37,48703.95,19301.39,0.0,-125546.11,40989.22,92902.91,8346.03,-0.24,2.26,18.6,-0.12,2.27,1.17,1.16,1.42,1.07,5.29,0.99,8.8,41.48,2.31,158.18,7.65,47.68,151.97,0
312,434817.92,261483.78,154271.93,173334.14,450823.14,478677.02,2367.09,-27853.88,-0.12,24711.31,-18367.35,4929.26,11273.22,-18.4,-6.39,8.96,-7.86,-6.18,1.51,-3.68,0.86,0.52,1.83,1.03,6.93,52.69,5.27,69.21,4.2,86.9,34.99,0
354,3338183.04,2278282.66,308008.27,1083201.54,2566316.12,2474307.58,180124.51,88287.18,0.04,-83603.35,-14616.55,-140912.37,-239132.27,1.09,2.63,18.1,0.33,3.44,2.15,1.34,1.33,0.84,3.05,0.76,2.26,161.46,3.11,117.34,4.27,85.44,193.37,1
474,428419.8,114736.75,214963.79,313083.61,466751.13,461703.48,12352.19,5915.02,0.01,-63156.49,40073.37,-6567.75,-29650.87,2.35,1.42,23.23,0.78,1.27,0.37,27.5,5.9,3.91,20.45,1.12,51.93,7.03,2.89,126.09,7.23,50.51,82.62,1
475,1720407.86,982404.08,641469.33,738003.78,114655.62,145301.44,-34791.02,-36082.22,-0.08,-1396063.62,57331.54,1433319.66,94587.57,-9.29,-3.54,35.95,-34.96,-31.47,1.33,-6.54,7.33,0.45,14.72,0.11,0.07,5440.95,4.5,81.19,1.7,214.71,5307.43,0
384,987986.12,410957.04,301612.26,471949.5,1808489.53,1837532.73,-22403.36,-29043.21,0.0,23309.28,-81448.92,-9235.84,-67375.48,-0.01,-3.65,3.82,-0.29,-1.61,0.71,90.8,4.08,0.6,284.69,2.28,4.33,84.22,16.14,22.62,51.21,7.13,99.71,0
316,7284168.73,3175999.9,2100000.0,4108168.83,1243845.73,1956604.11,-650808.34,-738868.13,-0.22,256674.74,38498.04,-565340.25,-270167.47,-19.89,-9.24,-15.25,-72.93,-59.4,0.77,-3.98,2.32,0.08,39.3,0.16,0.24,1524.49,13.0,28.08,2.67,136.68,1415.89,0
366,1181145.09,561896.44,100000.0,619248.65,1698267.33,1576128.54,160572.95,122138.8,0.21,155485.73,-19262.45,-129736.93,6486.35,13.72,10.51,23.53,4.98,7.19,0.91,12.71,1.54,0.84,4.92,1.46,4.46,81.88,5.31,68.72,5.19,70.35,80.24,1
137,2781938.0,1547076.0,295642.0,959465.0,1624702.0,1543379.0,135626.0,75326.0,0.08,128320.0,-615469.0,566397.0,79248.0,4.95,3.32,22.0,2.44,4.64,1.25,3.14,1.61,0.91,3.34,0.72,3.5,104.43,4.88,74.84,5.02,72.64,106.63,1
215,1303219.98,452517.51,81562.36,850702.47,774797.72,699128.78,211856.99,75668.94,0.07,172443.29,181469.29,-292752.42,61160.16,5.87,6.05,60.89,7.16,9.77,0.53,6.77,1.75,0.85,1.29,0.62,7.83,46.64,56.95,6.41,4.13,88.45,-35.41,1
432,408605.8,434671.33,784968.76,-26385.82,280421.41,551609.13,-267061.84,-274277.33,-0.35,-39792.45,33718.65,-6328.75,-12402.55,-246.48,-31.3,-17.27,-105.55,-97.81,0.0,-10.89,0.68,0.52,2.72,0.32,33.73,10.82,1.67,218.29,1.64,223.21,5.9,0
455,499936.04,62192.56,200000.0,403255.17,681783.24,587269.82,103883.46,94513.41,0.18,130190.84,-38267.64,-95783.33,-3860.14,18.35,18.51,30.98,11.03,13.86,0.14,113.69,6.68,5.07,6.71,1.34,5.76,63.41,4.25,85.91,14.1,25.89,123.43,1
420,2190315.83,1363313.65,280000.0,820850.69,1845273.05,1753366.64,139817.53,91906.41,0.05,-15809.03,-26764.78,37819.83,-4753.98,3.54,4.26,11.34,1.73,4.98,1.65,1.77,1.25,1.12,1.84,0.85,17.72,20.6,2.42,150.61,6.11,59.73,111.47,1
522,631610.77,251773.76,140000.0,379837.01,642264.08,580149.2,67583.85,62114.88,0.23,86512.04,-74816.63,175713.79,187409.2,17.34,12.27,30.99,7.62,9.67,0.66,128.95,2.46,2.1,5.93,1.27,8.48,43.03,4.0,91.19,2.93,124.57,9.64,1
483,1920013.88,344809.01,380121.02,1186331.05,1254639.95,1304438.31,83128.22,-49798.36,-0.02,91148.71,-65405.05,-64219.16,-38475.5,-2.48,-2.51,16.08,-3.56,-3.97,0.22,-5.41,3.07,2.54,1.46,0.63,6.6,55.27,4.51,80.99,9.28,39.33,96.93,0
281,585975.85,72230.26,200000.0,475423.55,752868.93,629678.02,138018.12,126486.26,0.25,112372.67,-68131.36,-37864.26,6377.05,22.69,23.3,32.13,14.62,16.8,0.14,177.47,7.63,5.73,7.87,1.39,7.38,49.47,5.26,69.33,15.17,24.06,94.74,1
374,714955.94,501168.81,150000.0,224472.36,1329868.15,1343148.73,7284.58,-11147.08,-0.05,-53703.75,-36476.24,92828.5,2648.51,-6.69,-1.64,20.03,-1.68,-0.84,2.34,-0.88,0.89,0.45,4.81,1.95,7.23,50.47,9.15,39.89,26.31,13.87,76.49,0
195,1312549.47,602619.01,353130.98,709614.63,1158815.62,1497495.94,-283919.46,-366975.06,-0.56,240111.87,-170435.3,-161986.39,-92309.82,-44.67,-23.5,-0.15,-32.87,-31.67,0.85,-11.59,1.93,0.95,1.54,0.74,2.73,133.53,6.85,53.28,12.53,29.12,157.69,0
164,734533.49,139371.39,458773.72,595162.1,364087.58,258236.5,299037.25,277291.25,0.58,28724.12,314599.52,-245037.87,98285.77,57.73,38.42,21.78,73.24,76.16,0.23,26.03,5.65,1.49,2.37,0.5,2.37,153.72,7.71,47.37,2.94,124.24,76.85,1
236,1122104.08,643789.92,120000.0,478304.7,578302.31,571797.57,45443.49,6504.74,-0.03,7323.32,-9820.13,36204.74,33707.94,-1.8,0.59,29.27,-1.35,1.12,1.35,0.37,1.54,0.76,0.98,0.53,2.39,152.99,5.57,65.53,3.8,95.93,122.6,0
308,1128201.38,355012.6,318182.59,773188.78,627927.91,582275.83,77516.1,48292.18,0.05,71313.91,154730.32,-116718.94,109325.29,3.97,4.51,6.5,4.92,7.69,0.46,7.36,3.79,1.77,2.93,0.59,4.1,89.04,3.37,108.16,16.96,21.52,175.67,1
279,1447560.19,852671.97,191895.14,594888.22,1892130.74,1677963.28,293494.3,219175.1,0.92,234896.54,-92278.89,-105612.81,37004.83,32.01,16.7,16.53,9.31,11.58,1.43,16.47,0.95,0.46,3.19,1.44,5.82,62.76,6.83,53.42,6.95,52.5,63.69,1
141,651333.12,136463.63,200000.0,514869.49,602499.38,464890.2,162177.72,137609.18,0.34,92208.07,-59084.94,-18408.55,14714.57,29.7,24.22,52.51,22.42,22.84,0.27,5186.93,4.06,1.86,15.65,1.06,1.57,231.84,7.8,46.81,4.02,90.82,187.83,1
146,1210574.01,182810.76,112341.91,1027763.25,2013785.23,1635755.61,406202.02,374859.99,1.32,466090.47,-6214.6,-396830.62,63045.24,30.81,28.97,29.45,14.73,18.61,0.18,43.85,9.64,6.81,15.59,1.56,4.81,75.85,10.08,36.2,22.38,16.31,95.74,1
269,1047543.91,330722.62,1124417.3,720435.52,911533.25,870760.17,134412.26,40773.08,0.06,130230.32,-274052.54,281562.33,137740.11,7.48,4.69,22.01,3.53,4.47,0.46,4.72,1.32,1.1,7.67,1.05,60.39,6.04,8.99,40.59,9.98,36.58,10.05,1
441,1488299.4,428673.41,174273.13,1059625.98,1820271.39,1493142.0,348616.11,327129.4,1.5,336785.55,-125448.52,-132443.92,78893.11,26.36,23.97,46.63,14.4,17.97,0.4,11176.27,3.14,1.58,26.54,1.33,1.57,232.0,15.13,24.13,3.4,107.28,148.85,1
363,582981.0,262190.0,222439.0,311618.0,36216.0,137769.0,-80052.0,-101799.0,-0.14,35663.0,-257943.0,210491.0,-11789.0,-40.1,-22.11,13.12,-305.7,-281.09,0.82,-14.83,0.31,0.16,0.11,0.08,0.72,505.07,0.79,464.9,0.47,777.47,192.5,0
155,1273543.91,554122.33,226696.48,692182.8,1696795.16,1639837.63,103238.11,56957.53,0.04,25527.4,-36209.87,65589.79,54907.32,2.49,4.57,33.43,1.39,3.36,0.77,29.32,1.75,1.14,4.67,1.36,4.37,83.48,6.02,60.6,3.52,103.56,40.52,1
339,641402.65,262505.73,170000.0,368207.27,329443.75,333889.11,14208.0,-4445.36,-0.04,33417.77,-2440.97,-11993.11,18983.7,-3.26,-0.73,36.71,-3.34,-1.35,0.69,-0.6,2.99,1.09,2.59,0.54,0.94,388.46,4.11,88.9,3.13,116.5,360.87,0
450,429189.69,84157.71,210000.0,345024.33,341929.7,310202.78,58569.93,31726.92,0.06,48259.36,-18084.34,-55413.01,-25237.99,7.86,7.15,21.88,7.91,9.28,0.24,10.27,3.4,1.72,1.92,0.77,2.25,162.09,5.29,68.97,12.72,28.7,202.36,1
132,1969861.77,317335.19,380121.02,1305219.22,1599923.89,1468725.63,272770.79,131198.26,0.08,278581.48,-59081.49,-115367.29,104132.7,9.04,6.71,23.53,6.02,8.2,0.19,30.49,3.68,2.84,1.9,0.82,5.75,63.53,4.58,79.77,6.69,54.52,88.78,1
471,2947042.47,1931486.18,287039.97,1015556.29,3155524.06,3037418.44,308023.45,118105.61,0.11,55684.38,-274243.63,125554.39,-93004.87,6.23,4.05,10.06,2.01,3.74,1.9,2.13,0.76,0.47,1.89,1.08,8.57,42.59,4.33,84.25,5.06,72.19,54.65,1
351,8688264.99,4637655.0,401200.0,2967462.5,1789278.4,1281191.63,736408.18,513921.27,0.63,874380.4,-862126.31,-32959.22,-20705.12,8.7,6.23,34.78,23.78,28.72,1.14,5.86,0.52,0.39,0.27,0.22,50.22,7.27,3.27,111.73,3.0,121.75,-2.76,1
161,827905.84,244777.38,230000.0,583934.51,667405.23,656170.04,28186.13,10687.15,0.01,59930.57,7862.94,-37275.73,30517.79,1.04,1.29,8.9,0.82,1.6,0.42,4.21,2.95,0.96,9.92,0.8,197.29,1.85,3.54,103.11,4.71,77.51,27.45,1
394,3845004.62,2747057.06,507000.0,963529.12,272114.17,472382.69,384763.11,329039.51,-0.2,-148760.98,280629.33,130855.2,262723.55,-9.67,8.97,57.24,54.97,120.92,2.5,2.5,1.16,1.13,0.1,0.07,99.45,3.67,3.14,116.21,0.49,743.02,-623.14,0
53,1544110.0,1037695.0,2998399.0,506415.0,1510552.0,1425320.0,131938.0,85232.0,0.01,223603.0,-58681.0,-155007.0,9915.0,11.8,5.29,33.22,3.51,5.64,2.05,2.89,1.51,0.7,4.32,0.94,1.99,183.38,3.81,95.73,3.28,111.25,167.86,1
501,2300354.78,1825663.83,1316252.59,483338.73,1123313.06,1798578.34,-635260.92,-704195.32,-0.06,-93762.17,142884.0,296372.04,345493.87,-82.32,-26.19,-20.08,-73.21,-62.69,3.85,-10.15,1.3,0.32,1.38,0.42,3.41,106.88,3.03,120.43,3.0,121.6,105.71,0
80,886646.84,569242.09,239767.24,317404.75,849419.73,839015.0,29627.74,10404.73,0.0,-31646.13,-1253.7,84612.19,51712.36,0.75,1.2,13.64,0.23,1.22,1.79,0.9,1.16,0.71,5.37,0.98,118.49,3.08,5.08,71.88,2.79,130.69,-55.72,1
337,2516167.0,1483468.0,411864.0,976427.0,1936081.0,1990144.0,100679.0,-29168.0,-0.13,259012.0,-266418.0,-58765.0,-66171.0,-5.44,-1.18,11.2,-2.88,-1.51,1.44,-0.82,0.78,0.3,3.58,0.79,3.82,95.55,4.94,73.85,4.27,85.39,84.01,0
105,1357214.58,680714.95,132058.5,654269.01,1940402.6,1929373.96,59966.86,14836.61,-0.01,-5421.74,-9334.29,114608.23,99852.19,-1.24,1.23,13.86,-0.3,0.76,1.01,1.1,1.22,1.02,7.89,1.61,216.53,1.69,5.87,62.17,8.62,42.33,21.53,0
291,490132.58,53524.07,100000.0,436608.51,215007.91,203713.34,23422.83,10986.81,0.95,47789.5,-5566.91,-5351.6,36870.99,2.19,2.23,15.49,4.42,5.11,0.12,19.15,10.15,5.38,0.85,0.44,2.94,124.03,3.02,120.76,8.71,41.92,202.87,1
225,1675024.27,1146810.39,140000.0,522538.12,2236438.84,2129766.3,168264.25,106672.54,0.22,-68404.9,-35576.64,231767.98,127786.44,12.14,6.75,7.97,2.86,4.77,2.17,3.93,0.88,0.34,4.12,1.41,92.87,3.93,11.42,31.95,6.94,52.59,-16.71,1
189,848243.42,253322.08,200000.0,594921.34,721626.34,645228.99,117185.35,76397.34,0.15,-74514.16,-49738.98,69452.27,-54800.87,10.4,9.53,37.23,8.41,10.59,0.43,11.11,2.8,1.6,2.65,0.9,5.63,64.8,3.68,99.06,6.17,59.18,104.68,1
18,1180676.69,673841.54,170577.51,506835.15,632454.04,578314.31,145519.39,54139.73,0.04,134988.99,-8905.48,-161359.9,-35276.39,5.81,4.74,17.38,4.61,8.56,1.33,3.06,0.49,0.42,0.63,0.55,356.14,1.02,7.81,46.72,11.51,31.71,16.04,1
43,708979.98,77576.63,199000.0,625651.16,448061.16,387492.09,88067.16,64250.67,0.26,59087.74,-12442.58,-22274.6,24370.56,8.55,9.2,19.24,11.66,14.34,0.12,335.5,8.16,6.08,3.95,0.64,3.44,106.0,5.78,63.17,9.6,38.01,131.16,1
36,3052252.0,2182391.0,671153.0,869860.0,527533.0,953887.0,-368689.0,-434166.0,-0.28,181690.0,-224511.0,47240.0,4419.0,-73.42,-13.84,-52.09,-121.85,-82.3,2.51,-1.97,0.64,0.13,0.72,0.17,1.05,347.13,2.53,144.28,2.21,164.89,326.52,0
203,2557663.33,385855.63,1308072.98,2171807.7,5519031.5,5023752.32,609035.54,495279.18,0.09,407185.69,-116016.1,-299997.09,-8827.5,25.34,20.28,11.11,8.85,8.97,0.18,76.92,2.65,1.53,3.67,2.26,13.34,27.36,12.43,29.37,13.81,26.43,30.3,1
171,9258311.09,5341290.83,401200.0,3043884.75,2758265.59,2214318.61,872357.67,506129.59,0.43,728906.0,-518039.14,-525825.28,-314958.42,5.84,5.39,21.69,10.61,18.35,1.36,2.53,1.14,0.57,0.38,0.29,31.57,11.56,5.76,63.32,12.27,29.76,45.12,1
437,1079397.73,887924.35,254299.75,211065.87,952592.59,993427.15,-32348.43,-43442.46,-0.4,-65416.06,-8650.45,-76621.21,-150687.72,-39.2,-3.81,16.83,-10.98,-4.56,4.64,-1.4,0.72,0.55,40.46,0.84,11.4,32.03,2.46,148.13,2.75,132.78,47.38,0
368,395338.87,33440.7,90000.0,361898.17,228064.35,169145.17,75706.54,57438.41,0.31,101511.68,-158335.54,-93761.23,-150585.09,15.66,14.04,40.85,24.8,25.19,0.09,49.57,15.43,5.12,3.96,0.56,1236.43,0.3,7.68,47.54,9.33,39.12,8.72,1
266,782347.46,601772.24,119999.78,180575.22,627672.77,725918.8,-75755.6,-98246.04,-0.44,-7391.64,-4661.69,-34683.28,-46736.6,-44.89,-11.63,3.12,-16.9,-15.65,3.33,-7.35,0.82,0.35,5.56,0.74,138.66,2.63,5.7,64.05,2.13,171.71,-105.03,0
117,944914.23,329598.22,393166.66,615316.01,617489.45,638848.76,16463.62,-21546.57,-0.07,-152990.06,-83754.84,93027.67,-143717.23,-4.45,-2.42,23.24,-4.41,-3.49,0.54,-2.87,2.64,1.75,2.87,0.69,9.44,38.65,2.3,158.56,5.32,68.62,128.59,0
64,1783103.32,434478.6,292250.0,1347992.72,1242289.73,1128241.57,159158.02,114048.16,0.15,91979.8,-62252.37,-69805.26,-40077.83,6.66,6.58,28.4,7.15,9.18,0.32,49.71,3.35,1.86,5.67,0.72,2.3,158.7,4.76,76.67,3.68,99.16,136.22,1
289,609408.38,144504.61,200000.0,464903.77,394432.87,235007.68,173704.35,158054.71,0.78,166006.05,47457.76,-200291.9,13171.91,32.44,25.16,78.84,39.66,40.07,0.31,498.49,3.72,1.07,12.84,0.63,785.84,0.46,5.94,61.49,12.42,29.4,32.55,1
406,10281004.54,9132907.78,800000.0,1035785.22,1366196.7,1320404.45,627137.01,233785.02,-0.25,360329.42,811942.43,-2221944.33,-1049672.47,-16.8,1.99,18.04,-14.37,17.11,7.95,0.56,0.71,0.55,0.21,0.12,1.86,196.25,1.74,210.14,2.32,157.54,248.85,0
412,636490.44,89969.58,199000.0,539216.71,578199.08,490717.52,117671.09,90683.96,0.37,93516.94,-22803.15,-285068.58,-214354.79,11.31,12.16,20.03,12.68,15.68,0.16,447.78,4.96,3.82,3.99,0.78,6.03,60.56,5.18,70.52,6.92,52.72,78.36,1
214,821178.5,400682.13,154327.51,420496.37,391733.83,347970.28,107725.98,43763.55,0.05,108925.54,-19112.75,-90761.62,-948.83,6.96,5.55,22.53,7.34,11.17,0.95,3.97,0.71,0.64,0.58,0.5,346.57,1.05,6.53,55.87,7.14,51.1,5.82,1
50,1085846.23,432020.31,230000.0,655288.25,909235.42,832410.29,93579.38,76825.13,0.24,-89281.71,-25308.39,-37237.96,-151828.05,8.86,7.4,38.43,6.03,8.45,0.66,20.16,1.86,1.43,4.33,0.88,5.2,70.19,2.47,148.02,1.88,194.31,23.9,1
422,2758070.28,1142509.1,378257.48,1615561.18,2072182.81,1824083.8,455263.88,243802.35,0.13,419464.89,-293832.89,-28684.28,96947.73,11.34,9.18,19.83,9.01,11.77,0.71,11.76,1.33,0.9,1.99,0.78,3.92,93.19,2.91,125.34,5.79,63.03,155.51,1
245,2871910.92,1279650.09,378257.48,1592260.83,1848582.33,1711051.41,277743.75,51662.36,0.01,315984.4,-103604.16,-86380.83,125999.41,1.17,1.84,17.14,1.01,2.79,0.8,1.77,1.29,0.88,1.55,0.66,3.55,102.82,2.53,144.52,4.67,78.24,169.09,1
336,2438216.52,1208573.36,400000.0,892869.77,3088645.92,2968234.79,205537.93,118065.57,0.04,199880.62,-61549.54,212706.25,351037.33,3.63,4.96,8.9,2.39,3.82,0.98,5.18,1.29,0.7,4.37,1.3,21.36,17.09,10.51,34.73,6.85,53.25,-1.43,1
304,8199735.46,2448361.12,1185974.79,5753260.46,2673643.42,3559068.0,-782924.64,-886526.43,-0.42,-145405.56,1099715.25,-951302.79,3006.89,-15.9,-9.62,12.3,-38.04,-33.16,0.43,-7.91,0.66,0.46,0.98,0.29,19.07,19.14,2.1,173.89,4.16,87.77,105.25,0
451,340247.72,86369.51,150000.0,253878.2,548293.74,580717.86,1912.22,-32424.12,-0.05,22650.02,-21967.08,-11843.44,-11160.5,-10.13,-9.01,9.79,-4.94,-5.91,0.34,-103.75,1.36,1.11,3.81,1.52,27.21,13.42,58.71,6.22,6.02,60.59,-40.96,0
9,6705059.98,5832834.36,859262.34,872219.72,647834.89,1397928.06,-957240.78,-979916.84,-1.01,-188430.1,-24995.06,192761.66,-20663.5,-103.79,-13.42,15.26,-230.74,-151.26,6.69,-2.29,0.84,0.03,3.12,0.09,0.14,2640.76,3.79,96.36,0.78,465.12,2272.0,0
306,1935662.6,243477.3,341092.56,1690579.86,1037239.87,852972.19,268632.6,187478.0,0.46,317351.34,-112299.41,-196474.95,8576.98,9.47,9.89,30.7,15.19,18.07,0.14,80.46,5.28,4.32,1.6,0.55,3.87,94.3,6.64,55.01,8.39,43.48,105.82,1
487,1593496.0,1161039.0,145000.0,432455.0,1396977.0,1252327.0,195161.0,145459.0,0.3,148400.0,-803255.0,561164.0,-93691.0,21.95,13.61,24.46,6.14,10.41,2.68,3.51,1.54,0.85,6.55,1.31,5.31,68.74,6.76,54.03,5.09,71.69,51.08,1
123,1128985.75,740256.19,270000.0,376582.41,1358562.05,1522267.67,-155441.02,-163705.62,-0.25,-201985.19,-2672.65,85660.11,-118997.73,-30.07,-15.47,-6.73,-9.75,-12.05,1.9,-230.41,1.25,0.31,12.81,1.28,24.64,14.82,5.62,64.94,4.15,88.05,-8.29,0
271,366947.6,212206.58,115000.0,154741.02,973558.3,949468.44,40979.93,24089.86,0.08,65687.85,-12530.2,-39508.21,13649.44,11.93,6.99,12.49,1.5,2.47,1.37,3.8,1.18,0.29,7.91,2.82,5.7,64.01,51.88,7.04,7.26,50.27,20.78,1
466,975037.04,107530.39,280000.0,867506.65,790528.04,754841.75,73032.78,35686.29,0.12,129144.36,-471189.12,-19600.0,-361644.76,3.84,3.72,11.13,4.18,4.51,0.12,283.22,9.68,8.06,11.15,0.82,172.53,2.12,3.83,95.35,10.63,34.34,63.12,1
254,270488.59,27106.17,138124.83,242714.67,100056.15,108396.28,9690.0,-8340.13,-0.02,12454.65,-3556.61,-7128.96,1769.08,-3.39,-2.95,19.77,-8.43,-8.34,0.11,-21.54,7.59,2.38,0.62,0.35,1.01,360.28,4.05,90.1,3.86,94.66,355.71,0
206,8164439.76,5936412.91,560000.0,2228013.47,2220574.75,1667170.62,574832.18,513562.92,0.43,41157.31,44061.24,-393126.1,-307907.55,11.5,6.5,37.28,10.89,23.13,2.66,2.6,1.38,0.05,42.86,0.28,0.29,1241.73,13.69,26.66,1.89,193.6,1074.78,1
121,1635843.58,152509.32,160000.0,1483334.26,914905.05,607219.57,313454.56,307685.49,1.45,127430.93,-8603.26,1052048.43,1170876.1,28.72,32.37,43.1,26.25,33.63,0.1,735.09,10.99,10.74,65.69,0.96,31.13,11.73,4.23,86.26,8.5,42.94,55.04,1
346,3160081.0,735298.0,199500.0,2424783.0,2398587.3,2305871.5,378037.5,92715.8,1.7,324894.37,-254157.3,-162221.87,-91484.8,2.8,2.8,19.53,2.84,3.87,0.3,13.58,2.01,1.56,1.27,0.72,8.12,44.96,4.3,84.79,3.65,100.06,29.69,1
258,491200.02,56215.66,107500.0,434984.36,242545.42,258601.2,9743.98,-15852.41,-0.08,-7524.84,123994.42,-8388.07,108081.5,-3.75,-3.09,24.34,-6.85,-6.54,0.13,-10.28,8.19,6.5,1.64,0.47,21.01,17.37,2.43,150.32,3.77,96.72,70.97,0
76,812861.49,384236.44,320000.0,428625.04,89380.35,91687.91,12360.29,9273.94,0.01,-137664.67,-742.82,129780.04,-8627.45,0.61,1.26,36.53,2.9,10.38,0.9,1.05,2.9,0.05,4.22,0.12,0.14,2681.17,90.12,4.05,3.16,115.57,2569.65,1
58,1139700.53,428663.21,282571.48,495566.74,776092.75,716507.93,95276.03,59584.82,0.06,54381.97,-94611.74,236743.61,196513.83,8.02,6.01,25.8,5.04,7.68,0.6,6.71,2.28,1.71,2.57,0.78,3.73,97.87,3.08,118.51,3.37,108.28,108.1,1
40,1414473.17,583086.78,588964.62,830703.87,1256220.35,1183996.46,146038.99,72223.88,0.1,132984.92,-123887.19,1314.09,10411.82,7.3,5.17,19.0,4.7,5.75,0.7,8.75,1.29,0.56,1.68,0.9,3.05,119.48,4.92,74.19,5.23,69.8,123.87,1
317,842882.49,185136.42,220000.0,657746.07,678176.38,567896.44,155335.98,110279.94,0.27,123848.41,-260348.27,242338.3,105838.43,17.65,17.39,29.22,11.53,16.26,0.28,8.79,4.6,2.27,3.43,1.07,4.0,91.34,5.4,67.55,6.09,59.98,98.91,1
387,1016727.42,537218.24,300000.0,479509.18,162190.45,160922.87,7519.47,1267.58,-0.03,-155783.86,-1904.26,162897.4,5209.28,-3.81,0.13,29.5,-8.71,0.78,1.12,0.06,1.54,0.03,9.42,0.17,0.15,2357.19,13.66,26.72,1.08,338.17,2045.75,0
239,1733480.05,508552.18,205000.0,1214061.57,1620839.27,1429668.48,253483.46,176910.18,0.34,321279.24,-127377.32,-133318.0,60583.92,11.61,10.7,46.82,8.22,10.91,0.42,17.28,1.44,0.9,1.95,0.98,4.75,76.86,6.29,58.03,4.32,84.48,50.42,1
485,449104.02,112060.53,120000.0,337043.49,480143.11,444567.43,48933.25,42378.2,0.15,-7403.03,11030.58,-10446.71,-6819.15,10.94,9.74,27.47,7.38,8.83,0.33,1256.02,2.33,1.77,41.24,1.1,8.6,42.42,4.99,73.14,3.42,106.69,8.87,1
35,1703415.96,869493.35,680000.0,833922.61,770495.07,716236.29,151271.42,54258.79,0.01,116698.07,-38171.23,-25957.52,52569.32,2.31,3.07,49.06,2.15,7.04,1.04,1.64,1.2,0.85,0.59,0.44,3.35,108.82,5.41,67.41,2.34,156.3,19.93,1
427,1127770.57,380472.81,240000.0,747296.69,1409426.7,1309240.56,128690.86,99949.66,0.09,101649.91,-10119.01,-14929.42,76601.49,12.18,10.08,16.39,5.86,7.09,0.51,48.22,2.21,1.06,5.85,1.42,11.52,31.68,8.58,42.53,5.89,61.93,12.28,1
275,475936.01,111999.06,210000.0,363927.1,355061.18,305067.81,75797.58,50365.78,0.1,60655.39,-10198.77,-6977.86,43478.77,12.22,11.13,26.44,12.2,14.19,0.31,19.53,2.9,1.79,2.22,0.78,2.15,169.62,5.05,72.24,13.09,27.87,213.99,1
310,2772458.1,1238359.24,1005000.0,1482859.54,1512719.01,1366790.64,366743.16,145928.37,0.11,411454.64,-671301.23,225827.24,-34019.35,7.03,5.8,40.12,6.45,9.65,0.81,5.65,0.82,0.23,1.41,0.6,8.56,42.64,12.64,28.88,2.22,164.22,-92.71,1
342,736371.22,263986.2,153999.99,447539.37,631621.66,566944.55,74181.64,59636.93,0.13,23338.72,75939.12,-77880.95,21396.89,9.19,7.87,39.17,6.48,9.44,0.56,7.83,2.35,1.51,5.47,0.83,2.46,148.3,3.08,118.68,5.19,70.27,196.72,1
193,1333333.32,497446.2,340000.0,835887.12,1030200.42,894056.03,196569.07,136144.39,0.17,161939.18,-102765.4,60312.98,119486.76,15.91,11.18,29.62,9.8,13.22,0.6,9.55,1.53,0.99,1.39,0.85,5.09,71.69,8.09,45.11,7.99,45.71,71.1,1
464,706054.61,138094.66,67887512.23,567959.95,438396.75,601119.26,-122481.22,-162722.51,0.01,-140785.74,869884.66,-573402.93,155695.99,133.58,-17.67,24.45,112.47,-37.12,0.24,-5.59,3.7,3.38,4.93,0.48,96.32,3.79,2.77,131.76,1.1,333.07,-197.52,1
166,2097510.23,1012060.9,398664.06,1085449.32,1966037.56,1818028.69,213345.86,152612.77,0.27,271882.56,-5971.98,-249176.32,16734.26,10.2,7.78,15.12,5.56,7.76,0.93,10.64,1.75,0.46,2.59,1.0,1.91,191.43,8.57,42.58,6.54,55.82,178.19,1
77,1181567.35,1113093.59,586808.19,68473.77,543561.06,733991.69,-5062.65,-190430.63,-0.13,-46057.77,-39743.46,85851.81,50.58,-551.23,-16.02,49.5,-41.86,-35.03,16.26,-5.16,0.17,0.01,0.67,0.46,5.55,65.79,15.87,23.0,0.83,440.02,-351.23,0
163,929755.86,440996.52,153999.99,431584.71,645039.19,626482.45,43581.19,23244.69,0.04,15528.78,-127133.18,55583.64,-56020.76,2.96,2.63,35.55,1.72,3.6,0.9,3.7,1.54,0.91,1.93,0.73,2.33,156.61,3.21,113.83,6.15,59.33,211.11,1
156,1178700.79,415806.84,152000.0,762893.96,1533428.19,1240126.72,317507.99,295727.14,0.39,271809.09,-67219.61,-190285.28,14304.21,31.24,26.37,35.2,15.34,19.29,0.55,256.6,2.71,1.22,13.6,1.37,18.36,19.88,5.33,68.51,3.68,99.1,-10.7,1
516,1051194.86,605761.91,100000.0,455670.95,342166.77,284021.52,93244.26,58145.25,0.22,78530.58,-25631.69,-50816.55,2082.35,4.88,5.58,32.26,5.76,16.99,1.36,1.9,0.37,0.21,0.56,0.33,42.6,8.57,3.26,111.87,35.37,10.32,110.12,1
13,772437.72,426737.78,140000.0,345926.23,888337.94,829514.91,84174.86,58823.03,0.17,33301.67,-172606.07,-61661.94,-200966.33,13.21,7.82,40.55,5.23,6.62,1.23,87.85,1.81,0.81,7.95,1.18,9.3,39.23,9.35,39.05,4.22,86.57,-8.3,1
386,615451.96,292020.76,140000.0,323933.12,734973.54,662765.76,85122.23,72207.78,0.28,86381.04,-26593.62,178349.72,238137.15,27.58,14.52,47.69,7.84,9.82,0.9,10572.15,1.99,1.64,8.9,1.48,15.19,24.03,9.64,37.85,4.4,82.91,-21.03,1
505,2319642.32,1122743.16,400000.0,882537.06,3095668.13,2975292.31,184404.1,119058.7,0.03,-299023.41,-153205.1,361113.12,-91115.39,3.21,5.62,9.69,2.38,3.85,0.94,8.18,1.48,0.48,4.93,1.46,10.9,33.5,10.68,34.19,4.91,74.29,-6.6,1
79,2160538.37,648293.97,174273.13,1512244.41,1795123.4,1394878.14,507224.35,400245.26,1.8,254599.58,-2080.23,-239664.43,12854.92,22.11,18.8,49.77,17.51,22.3,0.43,85.35,4.14,2.47,5.22,0.84,1.45,252.45,14.98,24.37,2.81,129.86,146.96,1
356,379883.61,70231.47,365549.29,269873.0,80570.26,109093.57,-15919.57,-28523.3,-0.07,-16389.11,-63918.15,-3151.03,-83458.29,-9.72,-8.17,25.9,-32.74,-35.4,0.23,-21.57,5.75,5.23,7.98,0.23,3.61,101.08,1.77,205.83,2.03,179.98,126.93,0
21,805853.77,169691.15,50000.0,631518.82,567527.97,437165.5,155785.67,149903.14,1.27,48646.4,161339.43,-35511.54,174474.29,21.62,20.58,52.78,23.01,26.41,0.27,197.67,4.51,3.55,25.85,0.78,14.74,24.76,7.1,51.42,2.85,127.96,-51.77,1
186,1446118.84,808170.53,153502.6,585465.32,2042170.31,1866948.94,198852.64,173845.61,0.36,143165.13,10806.45,-109443.01,44528.58,19.52,12.73,20.12,6.71,8.51,1.27,19.06,1.38,1.23,39.54,1.5,81.57,4.47,3.59,101.81,4.55,80.2,26.08,1
49,1290917.6,397285.84,205000.25,887152.23,548440.16,965570.87,-352628.6,-417130.71,-0.97,-130707.79,-62119.37,61419.04,-131408.12,-36.75,-28.59,26.16,-73.87,-76.06,0.44,-58.79,0.65,0.29,0.57,0.38,3.75,97.31,2.72,134.21,3.44,106.2,125.32,0
500,785026.33,159942.7,134000.0,625083.63,727281.11,619857.36,112812.72,107423.75,0.32,16380.49,-387922.97,-35330.9,-406873.39,14.28,14.31,33.75,11.76,14.77,0.26,221.09,8.07,5.81,47.16,0.97,191.35,1.91,7.01,52.07,11.46,31.85,22.13,1
442,906728.45,614686.64,119999.78,292041.81,1009610.52,1189091.66,-160341.33,-178677.24,-0.63,24470.23,-68741.01,2577.96,-41692.82,-40.0,-16.48,-5.4,-15.08,-17.7,2.1,-18.89,0.93,0.43,9.62,0.93,292.42,1.25,4.72,77.31,2.65,137.75,-59.2,0
261,749948.28,262268.25,103000.0,471088.22,446938.92,368442.59,83433.02,78333.91,0.26,-8817.09,-249730.63,68228.62,-190319.1,11.6,12.28,59.01,13.54,17.53,0.54,68.81,2.6,1.95,3.68,0.7,2.37,154.14,3.26,112.01,2.25,162.4,103.75,1
333,1293021.09,270990.38,215000.0,1022030.71,2617767.99,2416457.31,286050.18,213623.78,0.45,328003.84,-31201.56,-246591.28,50211.0,20.6,16.21,16.17,7.37,8.16,0.27,120.52,2.49,2.03,3.76,1.99,14.53,25.12,14.89,24.51,10.56,34.55,15.08,1
473,1601975.98,740776.46,211000.05,859232.22,1667354.67,1654045.99,86544.41,28288.5,0.02,221143.46,-41491.39,-175009.75,4642.32,1.15,1.68,12.02,0.26,1.7,0.86,1.41,1.4,0.53,3.26,0.99,2.2,165.69,5.19,70.39,10.12,36.08,200.0,1
401,1920790.31,801726.31,378000.0,1118921.49,1440994.76,1622018.29,-114027.24,-181023.52,-0.26,-295898.34,-46958.66,328030.1,-14826.9,-16.06,-9.88,-8.19,-13.8,-12.56,0.72,-11.66,1.63,0.58,2.31,0.79,4.81,75.88,3.94,92.56,8.47,43.08,125.36,0
285,4792417.62,2556567.92,1054903.75,2265186.13,2315540.53,2663740.71,154167.21,-348200.17,-0.38,337542.05,-241882.99,-74084.62,21574.43,-15.91,-7.74,59.74,-18.13,-15.04,1.14,-4.13,0.39,0.24,4.5,0.51,5.41,67.43,16.26,22.44,2.37,154.26,-64.39,0
246,3454048.52,2305056.67,400000.0,1148942.65,3123292.03,2579484.01,1081131.35,543808.02,0.61,1056019.16,-66163.79,-763571.45,226283.92,37.43,15.59,18.41,14.84,17.41,2.01,17.49,0.73,0.57,1.8,0.9,33.49,10.9,7.08,51.53,3.73,97.9,-35.47,1
253,80344.92,102178.98,977753.68,-21847.19,109129.66,136069.41,-7089.67,-26939.75,-0.03,-8684.74,-1044.07,-11834.04,-21562.85,0.0,-30.7,23.76,-25.99,-24.69,0.0,-18.87,0.41,0.13,5.59,1.24,3.01,121.31,19.49,18.73,1.14,321.29,-181.25,0
350,4723464.16,2602726.56,326550.0,2061677.77,4033458.21,3498167.39,871237.01,541490.34,0.99,761981.53,-241702.46,-346348.23,173930.84,16.92,11.89,24.04,8.76,13.42,1.23,5.14,1.33,0.87,5.47,0.89,8.6,42.42,4.95,73.77,9.29,39.3,76.89,1
497,2239452.0,1045958.0,338350.0,1146442.0,1703581.0,1667014.0,74427.0,39025.0,0.03,-41724.0,-187710.0,113522.0,-115912.0,1.76,1.84,13.15,1.25,2.29,0.88,3.3,1.6,1.16,3.81,0.8,7.87,46.37,3.1,117.71,4.32,84.52,79.56,1
301,1102268.98,607865.43,170000.0,472466.23,830927.55,793991.83,122579.57,36935.72,0.02,92012.25,-82636.25,162057.16,171433.16,1.46,3.61,44.31,1.67,4.45,1.23,1.89,1.21,0.8,1.88,0.81,2.42,150.56,4.61,79.25,3.69,98.89,130.92,1
529,730330.68,282169.83,227999.99,448160.85,916275.34,791157.27,135161.26,125118.08,0.47,122263.8,-58897.64,-76722.02,-13355.85,25.42,17.46,34.66,11.64,13.66,0.63,32.35,1.85,1.17,4.47,1.28,3.59,101.74,3.13,116.71,4.6,79.42,139.04,1
499,597497.17,169751.55,284000.0,427745.62,422047.02,382443.57,65807.72,39603.46,0.06,30271.62,-18745.38,4186.44,15712.68,7.28,6.89,31.86,6.11,9.38,0.4,4.58,1.58,1.25,1.05,0.73,7.9,46.19,3.47,105.11,3.03,120.31,30.99,1
359,836261.92,361444.02,227999.99,474817.9,1030643.44,898791.94,160931.83,143352.28,0.53,139974.07,-23126.74,-59994.43,56852.9,26.01,18.3,34.76,11.64,13.91,0.76,35.97,1.71,1.07,4.4,1.32,3.79,96.4,3.36,108.69,4.41,82.76,122.33,1
415,397467.73,174164.89,268953.8,223302.84,326427.2,432660.02,-102076.52,-106232.82,-0.23,24936.41,-14250.4,2001.85,12687.87,-41.2,-25.74,22.77,-35.49,-32.54,0.78,-399.63,1.37,0.82,7.56,0.79,7.19,50.79,3.68,99.2,3.11,117.34,32.64,0
320,1715571.0,1056435.0,526882.0,514315.0,1036518.0,917098.0,199333.0,114854.0,0.08,357974.0,-63549.0,-160694.0,133731.0,8.2,6.72,30.09,6.38,11.08,1.6,3.15,0.8,0.47,6.87,0.61,8.59,42.51,4.97,73.49,2.97,122.89,-6.89,1
240,613600.07,111075.29,1430416.19,488252.22,196534.0,206594.42,24748.98,3441.17,0.0,-52111.5,318621.78,-2406.83,264103.45,0.24,0.6,25.13,0.73,1.75,0.22,2.07,5.53,4.91,12.96,0.34,4.25,85.8,1.41,258.14,2.76,132.48,211.47,1
191,1569634.61,331131.03,212803.69,1238503.57,1480371.69,1112502.12,415578.13,355816.96,0.8,464317.97,-200585.4,-160577.71,103154.85,28.67,24.2,41.35,22.98,24.04,0.27,170.72,3.15,1.31,2.14,1.01,6.83,53.46,18.14,20.12,9.88,36.95,36.63,1
52,3988103.05,2621488.82,239871.9,1343504.87,1463397.64,1294009.71,244779.05,196779.59,0.04,77731.94,-150851.92,65020.76,-8099.22,2.83,5.08,24.21,2.54,13.45,1.92,1.24,1.14,0.33,2.18,0.38,0.83,439.8,2.66,137.41,5.8,62.97,514.23,1
262,953109.59,784284.35,254299.75,187643.21,942260.54,877880.85,77330.53,60502.48,0.03,58741.85,7152.09,-86765.02,-20871.08,3.76,5.95,15.14,2.63,6.42,4.65,1.92,0.73,0.65,40.31,0.93,14.56,25.07,1.97,185.49,2.76,132.39,78.17,1
229,874754.89,512347.94,432393.39,362425.69,977214.03,1074161.92,-62933.23,-112887.69,-0.15,42678.88,-1117.6,-20476.95,21084.33,-30.38,-11.9,6.41,-13.3,-11.55,1.41,-5.79,0.78,0.48,2.52,1.03,8.39,43.48,5.2,70.23,4.08,89.53,24.18,0
365,1763669.55,927071.2,400000.0,836598.35,649051.64,522178.29,237893.4,130615.01,0.11,223457.71,-104446.41,-214830.09,-95818.79,10.41,7.0,26.0,13.0,20.12,1.11,3.44,1.9,1.27,0.45,0.35,26.07,14.0,9.58,38.11,12.04,30.33,21.78,1
309,409737.53,116820.81,150000.0,293330.02,73360.79,38841.46,43479.58,33749.86,0.08,37360.53,57842.89,-47191.91,48011.5,8.32,8.33,72.83,33.04,46.01,0.4,9.24,5.37,4.82,0.61,0.18,1.88,193.81,8.55,42.67,6.04,60.43,176.04,1
130,1352887.52,240996.08,457638.14,1111891.44,960465.57,1169554.21,-179568.98,-209088.64,-0.24,-37790.42,118712.29,-171644.43,-90722.56,-17.88,-13.42,-0.47,-23.12,-21.77,0.22,-15.81,10.78,8.72,3.08,0.62,4.94,73.93,3.48,104.74,30.75,11.87,166.79,0
66,1288185.09,346197.79,136000.0,941987.3,1538212.95,1389819.51,186485.25,148393.44,0.43,136200.45,-624512.56,-70340.19,-558652.3,13.08,12.33,24.76,7.69,9.65,0.37,26.69,4.76,0.91,5.81,1.28,6.19,58.98,75.22,4.85,8.51,42.91,20.92,1
1,2491673.39,1596290.68,604692.31,895382.71,664434.46,559564.64,109969.94,106408.26,0.08,-941078.77,-9.92,1115416.44,174327.75,11.47,5.91,33.65,15.26,16.01,1.78,7.7,3.59,0.63,100.42,0.37,0.45,807.89,15.8,23.1,5.68,64.27,766.73,1
523,3377591.29,2290590.9,308008.27,1107005.42,2445614.72,2269471.36,281763.36,196197.95,0.24,313754.72,220232.6,-199177.19,334810.13,7.06,6.01,27.63,2.84,8.02,2.11,3.13,1.24,0.66,2.38,0.75,1.89,192.86,3.41,106.95,3.23,112.9,186.91,1
62,1002882.63,302190.23,240000.0,700691.41,1119548.7,1063687.32,88178.95,56667.92,0.05,55749.89,-8257.83,-7932.37,39559.69,6.59,5.61,18.45,3.97,5.06,0.43,21.71,2.9,1.51,4.12,1.11,7.06,51.66,6.33,57.63,5.45,66.98,42.31,1
100,1352052.27,279012.76,168722.63,1073039.5,831004.48,812803.53,56389.54,40180.91,0.11,-1740.02,38756.0,-42936.12,-5920.14,3.35,2.96,37.96,4.3,4.84,0.26,26.53,1.93,1.51,19.3,0.61,6.15,59.35,4.33,84.32,2.52,145.01,-1.34,1
244,469396.18,62497.8,180000.0,406898.38,248895.14,237005.31,15058.06,11889.82,0.03,26283.4,-155905.45,-32493.6,-162115.65,2.36,2.44,22.91,3.96,4.78,0.15,1038.41,5.71,2.92,1.88,0.51,23.19,15.74,16.08,22.7,4.03,90.64,-52.2,1
42,686715.56,232815.77,159994.57,453899.79,433977.91,341373.23,126516.38,92604.68,0.42,150698.87,-116546.26,-52188.17,-18035.56,16.13,14.3,39.0,15.65,21.34,0.51,12.26,1.18,0.99,0.99,0.67,11.46,31.86,10.64,34.31,7.31,49.9,16.27,1
313,477636.53,112183.24,120000.0,365453.29,453662.61,424477.92,53921.85,46557.71,0.17,1770.41,1979.64,-14505.33,-10755.28,11.55,10.05,26.89,8.94,10.26,0.31,67.17,2.78,2.46,45.56,0.98,7.76,47.05,3.59,101.72,3.49,104.59,44.18,1
438,6621866.72,4910166.91,500000.0,1711699.81,2346593.42,1976935.22,608312.73,359571.32,0.18,-329782.06,-623042.91,1000646.48,47821.52,10.94,5.97,20.12,7.71,15.32,2.87,2.75,0.74,0.21,0.63,0.39,17.24,21.18,6.05,60.28,2.16,168.8,-87.33,1
112,719770.94,136023.24,148499.96,583747.7,759071.83,707820.98,97273.99,51250.85,0.14,22342.28,-5936.55,-45293.56,-28887.83,6.93,6.91,15.3,5.35,6.75,0.23,144.75,4.27,3.19,3.09,1.02,6.12,59.65,7.57,48.23,5.0,73.05,34.82,1
404,6404309.99,4663864.29,1275027.88,1740445.7,1154367.47,1194392.46,-4487.23,-45072.25,-0.04,-1919182.8,-109391.18,1557568.26,-471005.72,-3.07,-0.83,26.77,-4.77,-3.9,2.68,-1.98,1.51,0.01,61.98,0.21,0.19,1934.31,76.55,4.77,3.87,94.32,1844.76,0
513,423983.56,244151.09,167860.22,179995.25,394248.06,395425.38,15825.64,-1177.32,-0.01,53284.03,-44403.54,-5603.41,3277.08,-4.52,-0.28,33.35,-2.18,-0.3,1.36,-0.12,1.08,0.61,3.04,0.94,2.6,140.6,3.25,112.21,4.71,77.5,175.3,0
65,1031492.01,74917.82,382499.5,954653.78,118030.96,625063.18,-432730.31,-472876.55,-1.27,-36470.52,-93844.38,117109.57,-13205.33,-42.02,-38.49,41.23,-403.14,-400.64,0.08,-199.15,0.77,0.46,1.22,0.1,8.36,43.68,4.33,84.34,5.53,66.01,62.0,0
410,1260302.5,518477.97,588964.62,741824.53,1058565.9,1019437.92,98285.52,39127.98,0.05,94264.73,-43346.2,-48376.74,2541.79,3.78,3.05,17.96,2.64,3.7,0.7,2.92,1.09,0.51,1.47,0.83,3.2,114.2,4.5,81.05,5.02,72.68,122.56,1
314,2203518.95,782848.07,608914.79,1403164.81,5359311.67,5343723.76,106362.85,56273.55,0.03,94200.5,327488.42,-520306.53,-98617.62,1.32,2.18,3.7,0.59,1.05,0.55,1.94,1.32,1.15,11.23,2.07,358.57,1.02,7.87,46.39,12.14,30.07,17.34,1
290,918363.59,313454.74,74628861.76,604908.85,147457.24,183479.64,-39271.14,-50292.1,0.0,-35586.88,-249626.84,125907.34,-159306.38,-6.45,-6.19,21.51,-25.64,-34.11,0.52,-65.98,0.47,0.3,24.36,0.18,73.62,4.96,1.26,290.71,0.56,652.0,-356.33,0
19,1250886.78,323807.97,81562.36,926793.64,954473.49,799450.82,308373.82,155022.66,0.15,270578.09,-186142.61,-71034.12,13401.36,13.67,13.01,63.15,12.4,16.24,0.35,19.83,2.49,2.19,1.31,0.8,8.27,44.14,45.62,8.0,4.89,74.67,-22.52,1
371,1766506.0,388841.0,449999.0,1379550.0,5413940.0,5233808.0,212118.0,169895.0,0.3,333629.0,-31320.0,-232542.0,69767.0,9.9,9.38,7.53,2.46,3.14,0.28,14.89,3.39,1.37,9.74,2.99,8.39,43.5,15.35,23.78,205.6,1.78,65.49,1
109,514520.69,72155.71,100000.0,441145.22,223554.59,225174.81,5734.09,-1620.22,-1.9,-6116.9,-2911.54,6572.13,-2456.3,-4.43,-0.33,10.28,-8.44,-0.72,0.16,-1.74,6.18,4.28,0.86,0.46,3.4,107.39,4.14,88.17,13.68,26.69,168.87,0
462,1061353.87,358686.85,315391.51,701804.12,857258.22,873025.95,35214.74,-11159.75,-0.06,42254.75,-68234.68,-20199.24,-46179.17,-2.67,-0.98,17.8,-2.32,-1.3,0.51,-1.3,1.12,0.65,1.35,0.75,5.42,67.33,6.86,53.21,7.46,48.93,71.6,0
324,636572.0,122581.0,460000.0,513991.0,419167.0,372370.0,92222.0,46797.0,0.1,76660.0,-20710.0,-58946.0,-2996.0,9.1,7.49,23.02,10.93,11.16,0.24,14.62,1.56,1.09,0.88,0.67,11.71,31.16,5.62,64.96,5.48,66.61,29.52,1
197,1869803.64,1178572.15,604692.31,678067.98,827798.03,729689.64,99795.22,95053.25,0.05,366568.38,-141836.23,-51435.72,173296.44,9.44,5.25,24.8,7.15,11.48,1.71,4.42,1.5,0.22,109.34,0.46,0.45,805.94,37.11,9.83,2.13,171.5,644.27,1
388,234721.57,27914.02,116500.0,206807.56,165957.7,162759.26,6470.85,3198.44,0.0,-21993.56,-9512.68,-432.0,-31938.24,0.64,1.37,27.95,0.8,1.93,0.13,27.33,7.07,6.18,3.54,0.71,595.61,0.61,3.42,106.72,6.96,52.41,54.92,1
532,643372.13,580717.5,352369.11,62654.63,127071.35,142802.56,18477.39,-15731.21,-0.06,29510.38,-10166.9,-185916.14,-166572.66,-50.01,-2.11,25.95,-32.88,-12.38,9.27,-0.62,0.13,0.11,0.39,0.17,6.26,58.34,4.42,82.56,0.26,1427.86,-1286.96,0
162,1236981.32,574530.78,360948.75,662450.54,595964.09,506702.03,100430.92,89262.06,0.08,488199.79,-7185.85,-463187.04,17826.9,9.74,6.57,44.37,10.27,14.98,0.87,7.93,1.05,0.17,8.94,0.44,0.58,633.25,3753.99,0.1,26.73,13.65,619.7,1
362,835016.42,609438.56,572599.8,225577.85,121742.42,153160.0,754.48,-31249.36,-0.08,-3098.09,-6912.32,215679.91,205669.5,-39.31,-4.23,11.13,-46.53,-25.67,2.7,-1.24,0.47,0.46,0.33,0.16,10.64,34.29,4.54,80.41,2.33,156.74,-42.04,0
521,353792.53,50811.66,135000.0,302980.88,511450.86,471736.51,54847.97,41323.01,0.12,74256.38,-66038.36,-29148.27,-20930.25,11.12,11.81,19.04,6.51,8.08,0.17,268.12,4.92,4.04,3.3,1.46,11.46,31.84,8.52,42.82,13.06,27.95,46.71,1
376,1569070.84,915971.97,300000.0,651391.8,3123724.64,3027652.54,127312.79,96072.1,0.1,-137352.2,-111912.51,236388.14,-12876.58,10.24,6.91,6.43,1.71,3.08,1.4,3.45,0.88,0.33,4.75,2.25,8.2,44.5,23.91,15.27,16.2,22.54,37.23,1
292,698259.83,135245.71,280000.0,563014.12,685090.29,731905.31,1078.38,-46815.01,-0.18,38237.8,461825.77,-271248.3,228815.26,-6.83,-5.6,11.26,-7.13,-6.83,0.24,-17.26,7.32,5.66,13.07,0.82,80.53,4.53,4.66,78.26,10.72,34.05,48.75,0
67,365623.21,44850.07,165519.83,319965.3,325420.18,281525.38,61812.69,43487.36,0.05,37015.68,-51721.42,-26144.63,-40850.37,11.19,12.07,25.49,10.81,13.36,0.14,100.73,5.58,3.62,2.15,0.9,3.36,108.61,5.93,61.57,7.65,47.7,122.49,1
434,535156.15,83564.63,107500.0,451591.52,336111.3,321932.71,33304.91,14678.59,0.07,26776.96,-171163.84,210059.52,65672.64,3.4,3.56,29.7,3.12,4.37,0.19,3.84,5.35,5.08,2.36,0.81,31.01,11.77,2.71,134.7,4.7,77.69,68.78,1
63,5543053.58,1419995.45,6565391.68,3893842.63,371526.31,536339.21,1666.66,-140201.85,-0.02,28304.51,-1101490.18,1111363.46,38177.79,-6.12,-2.73,47.67,-54.76,-37.74,0.34,-1.95,2.17,1.23,0.25,0.07,0.33,1106.92,3.26,112.03,3.15,115.96,1103.0,0
209,660442.16,320282.19,140000.0,340677.31,658121.84,600707.6,75125.98,57414.24,0.16,60092.75,-19714.97,-31459.97,8917.81,13.54,9.0,47.83,6.83,8.72,0.94,168.49,1.94,1.55,7.22,1.03,11.8,30.95,9.52,38.33,3.9,93.48,-24.21,1
228,10189898.73,9268653.9,800000.0,822332.3,553282.36,630596.51,312400.55,-138824.55,-0.34,299454.29,-13359.53,-308715.76,-22621.0,-29.03,-1.36,15.93,-52.88,-25.09,10.06,-0.82,0.92,0.13,0.14,0.05,1.78,204.95,0.84,436.69,0.86,423.15,218.49,0
536,1142154.87,529144.56,100000.0,613010.31,1648292.49,1532938.85,146216.22,115353.65,0.21,122736.98,-13208.49,-113997.71,-4469.22,13.71,10.04,23.6,5.12,7.0,0.86,11.86,1.93,1.07,4.54,1.43,4.32,84.49,5.45,66.94,5.7,64.01,87.41,1
226,6683011.2,4822126.52,1275027.88,1860884.68,1643323.39,1678817.8,-17067.1,-47384.32,0.1,55982.59,395599.85,-428532.4,23050.04,6.69,-0.72,20.78,7.33,-2.88,2.59,-0.7,2.02,0.03,57.85,0.25,0.22,1668.08,93.42,3.91,3.68,99.15,1572.84,1
201,1243683.4,598335.55,300000.0,645347.85,1376895.88,1284245.74,144615.69,96176.49,0.12,119576.9,-33340.61,-106636.8,-20400.51,11.36,7.7,19.53,5.06,6.99,0.93,9.23,1.46,0.84,2.58,1.1,3.95,92.43,3.62,100.9,4.49,81.21,112.12,1
73,3025824.57,952245.77,186260.26,1926557.56,1534447.29,1362742.83,235776.17,170936.21,0.36,143093.92,-588130.3,1047847.36,602810.98,8.87,7.85,40.6,8.34,11.14,0.46,7.32,3.04,2.35,2.47,0.71,3.52,103.71,4.45,81.99,3.93,92.85,92.85,1
61,296952.87,47539.61,125000.0,225832.31,119565.21,101933.56,30557.89,23429.32,0.06,20260.2,6052.31,-3240.9,23071.62,7.11,8.75,43.15,17.36,19.6,0.19,16.78,9.18,8.04,4.41,0.45,690.7,0.53,13.0,28.08,6.19,58.92,-30.31,1
409,1185752.2,629596.82,255462.73,524830.04,1369526.72,1271595.93,251614.26,143645.23,0.39,147920.08,-36697.59,-99202.68,12019.81,19.58,12.26,21.02,8.01,10.49,1.13,6.45,0.75,0.71,2.19,1.17,69.18,5.28,4.17,87.57,5.78,63.16,29.69,1
284,530362.92,234914.58,326543.58,278621.54,42269.32,80173.79,-43404.16,-46771.2,-0.01,47623.08,-110783.07,33994.98,-29165.01,-15.62,-8.99,14.99,-115.39,-110.65,0.8,-23.83,0.26,0.12,2.48,0.08,0.93,392.0,1.42,256.89,0.62,586.75,62.15,0
302,2001410.51,1308053.52,641469.42,693356.99,198203.94,254627.02,-44241.42,-56423.08,-0.07,114380.07,-7265.45,-47477.75,59636.88,-6.26,-3.03,19.47,-22.61,-28.47,1.89,-13.96,3.61,0.3,21.39,0.11,0.09,3907.88,502.66,0.73,3.29,111.07,3797.54,0
29,3117268.56,442129.02,1164401.07,2612283.68,311891.07,670968.98,-476966.35,-497999.97,-0.06,36284.26,9058.63,-219452.07,-174109.17,-18.0,-14.19,55.88,-167.17,-159.67,0.17,-46.03,5.76,0.79,5.13,0.09,0.12,3100.28,0.75,485.76,154.09,2.37,3583.67,0
369,1412244.35,526019.87,107625.0,886224.48,2075546.85,1878225.75,243345.82,197321.1,1.47,204995.95,3416.72,-41180.32,167232.35,19.08,14.82,27.9,7.62,9.51,0.59,247.83,2.31,1.71,5.2,1.56,5.92,61.7,6.1,59.84,3.92,93.07,28.47,1
190,1320561.2,734039.08,149993.67,586522.12,2040177.61,1982061.28,95004.02,57204.48,0.02,-4934.19,-21188.58,22162.71,-3960.06,1.48,4.4,21.49,0.46,2.8,1.25,9.91,1.35,0.61,5.88,1.57,3.62,100.73,5.53,66.05,6.87,53.11,113.67,1
328,2426585.0,1382902.0,338350.0,994607.0,1733432.0,1870126.0,-84953.0,-136419.0,-0.19,-98595.0,-325966.0,425436.0,875.0,-12.11,-5.85,2.02,-7.7,-7.87,1.33,-11.76,1.31,0.83,5.18,0.74,9.85,37.07,3.28,111.36,6.14,59.48,88.95,0
230,5543566.55,2900787.26,1000000.0,2642779.3,1210567.75,1099815.69,140825.35,110752.07,0.06,-188939.69,-176026.52,337188.71,-27777.5,2.27,2.06,37.51,4.92,9.15,1.1,4.64,2.34,0.08,6.81,0.23,0.22,1671.0,11.21,32.56,2.23,163.74,1539.83,1
460,358683.98,193011.19,100000.0,166079.75,334416.13,295050.3,51249.4,39354.83,0.15,-37351.88,5339.34,4853.0,-27159.55,19.88,11.46,32.55,8.91,11.77,1.17,17.24,1.74,1.61,4.0,0.97,37.57,9.72,1.95,186.91,2.32,157.25,39.38,1
347,1113994.98,649339.01,100000.0,476438.33,332473.45,284507.12,80260.0,47966.33,0.19,38342.18,-55919.11,13938.25,-3638.68,4.15,4.43,30.92,5.35,14.43,1.4,1.66,0.41,0.22,0.57,0.31,41.34,8.83,2.91,125.44,45.05,8.1,126.17,1
491,4764917.59,3281916.89,268840.66,1467133.2,3971868.77,3793511.5,329533.27,307161.56,0.43,-1638774.7,-230786.29,1857214.27,-12346.72,17.26,7.73,11.39,5.63,7.73,2.21,5.08,1.04,0.46,32.22,1.0,3.45,105.84,5.28,69.16,2.67,136.62,38.38,1
408,5196586.18,2586191.49,1000000.0,2610394.7,1429291.6,1325364.54,130229.57,103927.06,0.02,139484.03,40249.45,-236498.27,-56764.79,0.92,1.99,38.56,1.69,7.27,0.99,1.87,2.78,0.14,6.48,0.27,0.25,1466.65,16.66,21.9,2.89,126.27,1362.29,1
307,1235282.75,430914.44,200811.61,804368.31,503686.12,586003.46,57142.14,-82317.35,-0.39,34025.68,-98126.16,55746.28,-8354.2,-9.29,-6.75,2.13,-15.56,-16.34,0.54,-5.69,0.91,0.82,0.5,0.41,28.33,12.88,25.33,14.41,8.32,43.86,-16.57,0
364,1460956.14,956239.61,150000.0,450971.23,2293705.46,2163433.08,151900.9,129939.25,0.3,42081.36,-117400.14,99686.57,24367.79,20.14,9.91,18.17,4.62,5.67,1.89,25.82,1.14,1.13,72.67,1.75,123.1,2.97,3.57,102.13,3.1,117.61,-12.52,1
179,675633.98,74021.67,200007.52,600229.09,313101.76,320860.79,6529.96,-7759.03,-0.01,2693.26,33624.67,-26212.36,10105.58,-1.61,-1.09,25.83,-3.09,-2.48,0.12,-6.69,3.9,3.32,0.81,0.44,6.3,57.91,6.21,58.81,5.76,63.42,53.3,0
158,2170593.0,1178566.0,411864.0,940538.0,2522519.0,2512397.0,272896.0,159672.0,0.16,205282.0,229349.0,-300909.0,133722.0,6.85,6.73,10.12,3.06,6.33,1.19,3.95,1.25,0.44,4.7,1.06,2.61,139.9,6.5,56.14,5.45,66.97,129.07,1
181,1220208.0,514010.0,285000.0,706198.0,1048379.0,1051039.0,12755.0,-7911.0,-0.07,-83833.0,-31217.0,330307.0,215257.0,-3.34,-0.72,20.92,-1.92,-0.75,0.73,-1.26,2.01,1.31,3.55,0.95,2.86,127.63,3.05,119.48,5.54,65.86,181.24,0
428,2669927.88,145546.95,3335000.09,2524170.4,76866.43,126978.11,-37425.93,-59366.58,-0.01,-436972.59,362298.72,-5354.27,-80028.15,-2.49,-2.18,49.24,-83.04,-77.23,0.06,-124.7,16.73,11.96,0.17,0.03,0.05,7832.48,0.08,4325.23,0.19,1874.68,10283.02,0
122,1590379.38,1118491.36,158000.0,471167.06,1548360.78,1450118.86,137007.06,98241.92,0.21,-14853.03,85869.07,356365.91,427381.95,14.64,7.36,13.41,4.2,6.34,2.37,3.27,2.32,2.27,9.2,1.16,23.37,15.62,2.73,133.81,2.78,131.41,18.02,1
444,558161.09,109686.35,170000.0,448474.46,347419.26,355940.45,14936.19,-9032.09,-0.02,24393.28,-16087.67,-4637.37,3668.23,-2.46,-1.6,24.24,-3.22,-2.6,0.24,-3.24,1.3,0.33,1.42,0.62,2.55,143.2,15.11,24.16,10.6,34.42,132.94,0
108,1357859.76,36513.62,105650197.65,1321346.13,25013.63,118236.15,49695.54,38845.59,0.0,-190798.05,139203.85,496527.55,444933.35,5.17,3.53,-36.29,212.33,155.3,0.03,35.25,70.21,67.62,0.85,0.02,21.01,17.37,0.0,109539.14,0.03,13401.39,96155.12,1
391,755388.53,349797.24,154327.51,405591.29,458891.33,391290.19,125198.52,67601.14,0.08,113106.66,-41453.16,-68811.66,2841.83,12.64,9.12,25.69,10.2,14.73,0.86,5.24,0.81,0.67,0.74,0.62,433.09,0.84,7.77,47.0,8.61,42.38,5.46,1
256,1472465.75,875955.07,225000.0,573695.71,1470801.01,1328539.48,147798.53,142261.53,0.25,80129.34,-46938.57,-15352.4,17838.37,19.84,10.62,15.26,7.71,9.67,1.47,1118.85,1.5,0.61,278.58,1.1,8.06,45.31,6.3,57.97,2.81,129.74,-26.47,1
148,2419102.85,1850102.51,213749.98,568996.76,721366.18,757991.69,274975.36,-36711.49,-0.1,186709.71,-118581.71,6920.73,75048.73,-14.83,-1.57,11.31,-12.2,-5.09,3.25,-0.73,0.53,0.42,0.37,0.31,19.23,18.98,31.33,11.65,9.62,37.95,-7.32,0
539,1158630.37,405820.93,260000.0,752809.45,795301.03,740505.98,70629.84,54795.05,0.07,173711.39,-62171.86,29224.2,140763.73,4.67,4.66,9.92,4.43,6.89,0.54,4.48,2.8,1.68,1.46,0.68,2.09,174.76,7.82,46.66,7.73,47.2,174.22,1
27,1424880.63,556926.33,259229.38,867604.48,1305219.94,1223201.34,125520.49,71723.4,0.12,160928.6,-122812.56,-28160.69,9955.35,6.67,5.18,15.09,4.22,5.5,0.64,9.23,1.38,0.68,1.6,0.94,5.29,69.06,6.1,59.84,5.09,71.75,57.15,1
227,3138322.0,2201039.0,330475.0,937282.0,647964.0,742289.0,-24650.0,-94443.0,-0.18,-19062.0,350870.0,-328607.0,3201.0,-25.19,-2.96,11.61,-36.85,-14.58,2.35,-0.65,0.81,0.13,0.61,0.2,0.76,480.03,1.8,203.0,2.7,135.07,547.96,0
87,2590250.45,944496.93,110000.0,1645753.53,1647198.8,1390341.47,398861.0,256857.32,1.21,407959.72,-1226441.51,1207016.78,388535.0,22.75,15.04,56.31,12.48,15.59,0.57,24.1,2.38,0.66,2.44,0.96,7.01,52.07,754.25,0.48,4.38,83.38,-30.83,1
131,511897.52,143297.17,150003.08,368596.86,125993.16,47340.66,89045.14,79060.18,0.24,29517.8,46019.26,-30620.52,44916.54,21.44,16.8,73.36,57.37,62.75,0.39,31.79,2.55,2.41,0.9,0.27,2.48,147.03,8.37,43.62,0.97,376.32,-185.67,1
321,486732.32,148015.96,230000.0,338716.16,561078.14,537222.24,38416.11,23855.9,0.05,-37972.04,-7204.7,48623.05,3446.32,6.16,5.25,20.37,3.41,4.25,0.44,16.02,3.3,1.92,4.16,1.23,6.27,58.21,8.17,44.66,5.22,69.95,32.93,1
413,956984.74,508955.01,250000.0,448029.73,1388707.2,1407323.24,1101.24,-17262.56,-0.04,-148020.25,22247.35,110781.61,-14991.29,-4.76,-1.85,0.54,-1.6,-1.24,1.14,-2.04,1.38,0.79,8.83,1.49,25.42,14.36,4.8,76.04,7.03,51.9,38.5,0
518,869375.83,164708.53,200000.0,704667.3,1965091.84,1859120.3,142690.14,105971.54,0.11,126406.21,-66723.82,-44000.0,15682.4,13.1,12.4,15.01,4.51,5.39,0.23,18822.65,2.19,0.62,3.93,2.3,6.69,54.59,68.13,5.36,10.37,35.19,24.76,1
126,7323301.94,1956075.45,1185974.79,5362361.24,1892383.8,1857402.91,43330.43,-23612.11,-0.05,-20212.39,382266.98,-310088.93,51965.67,-2.05,-0.32,7.8,-5.77,-1.25,0.36,-0.34,0.71,0.3,1.17,0.25,18.99,19.22,5.71,63.88,3.7,98.64,-15.54,0
